"","bias","note"
"1",1.46630264507387,"bias.em"
"2",1.38884721740056,"bias.wls"
