"","bias","note"
"1",-0.411277196435414,"bias.em"
"2",-0.425256313824852,"bias.wls"
