"","bias","note"
"1",0.323730895692313,"bias.em"
"2",0.386085662313782,"bias.wls"
