"","bias","note"
"1",0.944956094776767,"bias.em"
"2",0.990256401669873,"bias.wls"
