"","bias","note"
"1",-0.562851689579406,"bias.em"
"2",-0.54189171859304,"bias.wls"
