"","bias","note"
"1",-1.18869240999142,"bias.em"
"2",-1.18386297164536,"bias.wls"
