"","bias","note"
"1",1.75560653852519,"bias.em"
"2",1.67287960755991,"bias.wls"
