"","bias","note"
"1",-1.07743970553211,"bias.em"
"2",-1.11156951512767,"bias.wls"
