"","bias","note"
"1",-0.801582039648931,"bias.em"
"2",-0.858404531728166,"bias.wls"
