"","bias","note"
"1",0.512019144585287,"bias.em"
"2",0.455561873286383,"bias.wls"
