"","bias","note"
"1",1.96943536578148,"bias.em"
"2",1.91779258841199,"bias.wls"
