"","bias","note"
"1",-0.0759497463098327,"bias.em"
"2",-0.221593106996207,"bias.wls"
