"","bias","note"
"1",0.805021835143662,"bias.em"
"2",0.808228766173906,"bias.wls"
