"","bias","note"
"1",-0.321034309671518,"bias.em"
"2",-0.321034725260459,"bias.wls"
