"","bias","note"
"1",0.669268562322975,"bias.em"
"2",0.557912379034517,"bias.wls"
