"","bias","note"
"1",-0.288136247501073,"bias.em"
"2",-0.165215940897888,"bias.wls"
