"","bias","note"
"1",0.174898828691628,"bias.em"
"2",0.139616124372057,"bias.wls"
