"","bias","note"
"1",0.369309984245057,"bias.em"
"2",0.66924030786729,"bias.wls"
