"","bias","note"
"1",-0.350616961113301,"bias.em"
"2",-0.215448480332819,"bias.wls"
