"","bias","note"
"1",-0.281863951067543,"bias.em"
"2",-0.283933686335752,"bias.wls"
