"","bias","note"
"1",0.542491589370143,"bias.em"
"2",0.595869128211038,"bias.wls"
