"","bias","note"
"1",-0.264200631707693,"bias.em"
"2",-0.274771906468505,"bias.wls"
