"","bias","note"
"1",1.96619582017784,"bias.em"
"2",2.0297740983747,"bias.wls"
