"","bias","note"
"1",0.750169795004205,"bias.em"
"2",0.753532785618351,"bias.wls"
