"","bias","note"
"1",0.288446854568684,"bias.em"
"2",0.21795394750729,"bias.wls"
