"","bias","note"
"1",0.376663833853923,"bias.em"
"2",0.351241063619987,"bias.wls"
