"","bias","note"
"1",1.1652539646291,"bias.em"
"2",1.16742808969995,"bias.wls"
