"","bias","note"
"1",-0.411660368774626,"bias.em"
"2",-0.403839438903067,"bias.wls"
