"","bias","note"
"1",-0.101272392681741,"bias.em"
"2",-0.0653968290693832,"bias.wls"
