"","bias","note"
"1",0.602866765869191,"bias.em"
"2",0.37916791593645,"bias.wls"
