"","bias","note"
"1",1.05150030231747,"bias.em"
"2",0.951224227397593,"bias.wls"
