"","bias","note"
"1",0.844754568570248,"bias.em"
"2",0.861873768071501,"bias.wls"
