"","bias","note"
"1",0.0855629920897142,"bias.em"
"2",0.00410499023258782,"bias.wls"
