"","bias","note"
"1",-0.667670696822436,"bias.em"
"2",-0.790572618634613,"bias.wls"
