"","bias","note"
"1",0.49593917578177,"bias.em"
"2",0.500317565916322,"bias.wls"
