"","bias","note"
"1",-1.06651415782946,"bias.em"
"2",-1.08345475512811,"bias.wls"
