"","bias","note"
"1",0.624052947102359,"bias.em"
"2",0.673032125691473,"bias.wls"
