"","bias","note"
"1",0.236839219877857,"bias.em"
"2",0.154985830279374,"bias.wls"
