"","bias","note"
"1",-0.587183927249476,"bias.em"
"2",-0.576438045023887,"bias.wls"
