"","bias","note"
"1",0.595263953615148,"bias.em"
"2",0.584600964841157,"bias.wls"
