"","bias","note"
"1",0.58566438972968,"bias.em"
"2",0.551226043018219,"bias.wls"
