"","bias","note"
"1",1.46967064671399,"bias.em"
"2",1.47923021164817,"bias.wls"
