"","bias","note"
"1",-0.261650532035633,"bias.em"
"2",-0.21811918024387,"bias.wls"
