"","bias","note"
"1",-0.459449403635049,"bias.em"
"2",-0.549368373378149,"bias.wls"
