"","bias","note"
"1",-0.777719320118736,"bias.em"
"2",-1.11345794653316,"bias.wls"
