"","bias","note"
"1",-1.60577735268056,"bias.em"
"2",-1.70190783118302,"bias.wls"
