"","bias","note"
"1",1.17226837543826,"bias.em"
"2",0.988740305890499,"bias.wls"
