"","bias","note"
"1",-0.0388406094666221,"bias.em"
"2",-0.116348471410288,"bias.wls"
