"","bias","note"
"1",-0.548730525194945,"bias.em"
"2",-0.860807487700615,"bias.wls"
