"","bias","note"
"1",-0.658871940182942,"bias.em"
"2",-0.660132749808972,"bias.wls"
