"","bias","note"
"1",0.879578760530899,"bias.em"
"2",0.838034061613191,"bias.wls"
