"","bias","note"
"1",-0.38530485294589,"bias.em"
"2",-0.41586528577644,"bias.wls"
