"","bias","note"
"1",0.271998479599155,"bias.em"
"2",0.289498119199384,"bias.wls"
