"","bias","note"
"1",0.321463192101253,"bias.em"
"2",0.263217407359944,"bias.wls"
