"","bias","note"
"1",-0.578640762767001,"bias.em"
"2",-0.559274794814202,"bias.wls"
