"","bias","note"
"1",0.130537257743199,"bias.em"
"2",-0.035212364714939,"bias.wls"
