"","bias","note"
"1",-0.022030957404803,"bias.em"
"2",-0.0456104610478569,"bias.wls"
