"","bias","note"
"1",0.681362047021284,"bias.em"
"2",0.835774716831966,"bias.wls"
