"","bias","note"
"1",0.427384671716525,"bias.em"
"2",0.45020444164163,"bias.wls"
