"","bias","note"
"1",0.361495056484241,"bias.em"
"2",0.362745860251899,"bias.wls"
