"","bias","note"
"1",0.22404584180513,"bias.em"
"2",0.2503326279986,"bias.wls"
