"","bias","note"
"1",-0.930150437396585,"bias.em"
"2",-0.873711800318209,"bias.wls"
