"","bias","note"
"1",0.544974607234465,"bias.em"
"2",0.414491957479626,"bias.wls"
