"","bias","note"
"1",-0.130195847058472,"bias.em"
"2",-0.137940212184984,"bias.wls"
