"","bias","note"
"1",0.0365771189113127,"bias.em"
"2",0.0210072404027816,"bias.wls"
