"","bias","note"
"1",0.5100979462169,"bias.em"
"2",0.510096314865478,"bias.wls"
