"","bias","note"
"1",0.588701440961756,"bias.em"
"2",-0.179489482922016,"bias.wls"
