"","bias","note"
"1",-0.531837831711924,"bias.em"
"2",-0.6197417428417,"bias.wls"
