"","bias","note"
"1",-0.264444943126562,"bias.em"
"2",-0.354413295525785,"bias.wls"
