"","bias","note"
"1",0.0354717358778562,"bias.em"
"2",0.117954891900259,"bias.wls"
