"","bias","note"
"1",-1.42869799360327,"bias.em"
"2",-1.64003692866781,"bias.wls"
