"","bias","note"
"1",-1.46517107090038,"bias.em"
"2",-1.40725603244899,"bias.wls"
