"","bias","note"
"1",0.456185436945991,"bias.em"
"2",0.457259084316851,"bias.wls"
