"","bias","note"
"1",-0.0306099506514277,"bias.em"
"2",-0.0469061555889159,"bias.wls"
