"","bias","note"
"1",0.37472572845252,"bias.em"
"2",0.372333389432972,"bias.wls"
