"","bias","note"
"1",-0.466826530512883,"bias.em"
"2",-0.478110809623373,"bias.wls"
