"","bias","note"
"1",0.361281395168962,"bias.em"
"2",0.36554692341699,"bias.wls"
