"","bias","note"
"1",-0.0557852931772452,"bias.em"
"2",-0.0492014473962383,"bias.wls"
