"","bias","note"
"1",-0.742455156891948,"bias.em"
"2",-0.675526014856404,"bias.wls"
