"","bias","note"
"1",0.502686496742354,"bias.em"
"2",0.461461248213846,"bias.wls"
