"","bias","note"
"1",0.80208613686348,"bias.em"
"2",0.807182271071664,"bias.wls"
