"","bias","note"
"1",-0.235688809127324,"bias.em"
"2",-0.0720588399636165,"bias.wls"
