"","bias","note"
"1",0.430291615636449,"bias.em"
"2",0.473891030502253,"bias.wls"
