"","bias","note"
"1",0.593849162528348,"bias.em"
"2",0.708143533065757,"bias.wls"
