"","bias","note"
"1",-0.415766644698894,"bias.em"
"2",-0.0823137270837621,"bias.wls"
