"","bias","note"
"1",0.404213700118132,"bias.em"
"2",0.423837211877802,"bias.wls"
