"","bias","note"
"1",0.247185365688493,"bias.em"
"2",0.265477426293533,"bias.wls"
