"","bias","note"
"1",-0.50764630372903,"bias.em"
"2",-0.290835051991086,"bias.wls"
