"","bias","note"
"1",0.527777363144052,"bias.em"
"2",0.522767350428468,"bias.wls"
