"","bias","note"
"1",-0.100635444520317,"bias.em"
"2",0.230550943645802,"bias.wls"
