"","bias","note"
"1",-0.818260257404799,"bias.em"
"2",-0.849352784274561,"bias.wls"
