"","bias","note"
"1",-0.0581799302375448,"bias.em"
"2",-0.126304177061338,"bias.wls"
