"","bias","note"
"1",-1.41365613600089,"bias.em"
"2",-1.36619692820882,"bias.wls"
