"","bias","note"
"1",-0.581069315625689,"bias.em"
"2",-0.540769100776288,"bias.wls"
