"","bias","note"
"1",0.526559478744998,"bias.em"
"2",0.526559710122001,"bias.wls"
