"","bias","note"
"1",1.19128698622591,"bias.em"
"2",1.17279473249763,"bias.wls"
