"","bias","note"
"1",0.0599468232669613,"bias.em"
"2",0.100969191716033,"bias.wls"
