"","bias","note"
"1",0.330257437367302,"bias.em"
"2",0.329065714253189,"bias.wls"
