"","bias","note"
"1",1.28177059258178,"bias.em"
"2",1.38295743938453,"bias.wls"
