"","bias","note"
"1",-0.489316621234019,"bias.em"
"2",-0.657334139636662,"bias.wls"
