"","bias","note"
"1",-1.62160993528736,"bias.em"
"2",-1.77189463048915,"bias.wls"
