"","bias","note"
"1",0.787733337756127,"bias.em"
"2",0.735990508014605,"bias.wls"
