"","bias","note"
"1",0.736965380885674,"bias.em"
"2",0.666441335986219,"bias.wls"
