"","bias","note"
"1",0.608945485773387,"bias.em"
"2",0.975953341716125,"bias.wls"
