"","bias","note"
"1",-1.51167148931486,"bias.em"
"2",-1.73117372445216,"bias.wls"
