"","bias","note"
"1",-0.138717562149398,"bias.em"
"2",-0.201140143997721,"bias.wls"
