"","bias","note"
"1",0.137605425615351,"bias.em"
"2",0.0213004114557217,"bias.wls"
