"","bias","note"
"1",0.049115577385014,"bias.em"
"2",-0.0536216239989932,"bias.wls"
