"","bias","note"
"1",-0.149537816300116,"bias.em"
"2",-0.0942769272848147,"bias.wls"
