"","bias","note"
"1",-0.321728938949623,"bias.em"
"2",-0.255220670543139,"bias.wls"
