"","bias","note"
"1",0.0166681381935669,"bias.em"
"2",0.367580824391608,"bias.wls"
