"","bias","note"
"1",0.47115848576104,"bias.em"
"2",0.474354665047767,"bias.wls"
