"","bias","note"
"1",0.0986186404999334,"bias.em"
"2",0.0663240965106365,"bias.wls"
