"","bias","note"
"1",0.186701396590906,"bias.em"
"2",0.812136690122716,"bias.wls"
