"","bias","note"
"1",2.89726891213565,"bias.em"
"2",2.79278285391649,"bias.wls"
