"","bias","note"
"1",0.194074034402909,"bias.em"
"2",0.211160453583984,"bias.wls"
