"","bias","note"
"1",0.782812975748284,"bias.em"
"2",0.694193626871562,"bias.wls"
