"","bias","note"
"1",0.201052341773627,"bias.em"
"2",0.224266220958742,"bias.wls"
