"","bias","note"
"1",0.104775484652529,"bias.em"
"2",0.0632259212183392,"bias.wls"
