"","bias","note"
"1",0.0188643960542858,"bias.em"
"2",-0.0257024776719715,"bias.wls"
