"","bias","note"
"1",0.791597215698432,"bias.em"
"2",0.820654106900636,"bias.wls"
