"","bias","note"
"1",0.0298796858338622,"bias.em"
"2",-0.0806171514115481,"bias.wls"
