"","bias","note"
"1",-0.57132757563218,"bias.em"
"2",-0.186860124174202,"bias.wls"
