"","bias","note"
"1",2.07145208226031,"bias.em"
"2",2.15761035168775,"bias.wls"
