"","bias","note"
"1",-0.690997821856416,"bias.em"
"2",-0.609496156741547,"bias.wls"
