"","bias","note"
"1",-2.96822696741977,"bias.em"
"2",-2.70436540195648,"bias.wls"
