"","bias","note"
"1",-0.149894334575163,"bias.em"
"2",-0.181422275783649,"bias.wls"
