"","bias","note"
"1",-1.11306459453677,"bias.em"
"2",-1.16369897002441,"bias.wls"
