"","bias","note"
"1",-0.236233239433539,"bias.em"
"2",-0.250039834937957,"bias.wls"
