"","bias","note"
"1",0.385379421308972,"bias.em"
"2",0.448895997050022,"bias.wls"
