"","bias","note"
"1",0.497086510093834,"bias.em"
"2",0.644597675081181,"bias.wls"
