"","bias","note"
"1",-0.10074142117802,"bias.em"
"2",-0.0335413310082356,"bias.wls"
