"","bias","note"
"1",-1.21426027413418,"bias.em"
"2",-1.22418270769378,"bias.wls"
