"","bias","note"
"1",0.612377284375895,"bias.em"
"2",0.659875238451169,"bias.wls"
