"","bias","note"
"1",1.67752740909966,"bias.em"
"2",1.99546325322764,"bias.wls"
