"","bias","note"
"1",1.31040311854971,"bias.em"
"2",1.31040347332349,"bias.wls"
