"","bias","note"
"1",-0.510864363820708,"bias.em"
"2",-0.54176515404804,"bias.wls"
