"","bias","note"
"1",-0.555240552430034,"bias.em"
"2",-0.556972908401199,"bias.wls"
