"","bias","note"
"1",-0.580731676467741,"bias.em"
"2",-0.557464057918151,"bias.wls"
