"","bias","note"
"1",-0.637106857592481,"bias.em"
"2",-0.619830238954679,"bias.wls"
