"","bias","note"
"1",0.670042599609802,"bias.em"
"2",0.620948147152718,"bias.wls"
