"","bias","note"
"1",0.512166739932175,"bias.em"
"2",0.456769146272327,"bias.wls"
