"","bias","note"
"1",-0.318186717400298,"bias.em"
"2",-0.540593922527419,"bias.wls"
