"","bias","note"
"1",0.820934477371485,"bias.em"
"2",0.790793847941865,"bias.wls"
