"","bias","note"
"1",-0.341829525866865,"bias.em"
"2",-0.300745657108167,"bias.wls"
