"","bias","note"
"1",-2.29239139650708,"bias.em"
"2",-2.06345448765876,"bias.wls"
