"","bias","note"
"1",-0.38959806136211,"bias.em"
"2",-0.36674336450431,"bias.wls"
