"","bias","note"
"1",0.706780768805374,"bias.em"
"2",0.58796977818639,"bias.wls"
