"","bias","note"
"1",0.309685289720171,"bias.em"
"2",0.166111575609579,"bias.wls"
