"","bias","note"
"1",1.21298958508511,"bias.em"
"2",1.23278323849436,"bias.wls"
