"","bias","note"
"1",-0.338658216858927,"bias.em"
"2",-0.60893014055383,"bias.wls"
