"","bias","note"
"1",-0.977734913560204,"bias.em"
"2",-1.07068797351532,"bias.wls"
