"","bias","note"
"1",1.12629309118032,"bias.em"
"2",1.12746033936433,"bias.wls"
