"","bias","note"
"1",-0.758875166161283,"bias.em"
"2",-0.731175067685621,"bias.wls"
