"","bias","note"
"1",0.457773586546251,"bias.em"
"2",0.712818349415364,"bias.wls"
