"","bias","note"
"1",-1.88654317978433,"bias.em"
"2",-1.94021952990925,"bias.wls"
