"","bias","note"
"1",1.67384816811041,"bias.em"
"2",1.67384833122186,"bias.wls"
