"","bias","note"
"1",-0.332443335042101,"bias.em"
"2",-0.585356451794821,"bias.wls"
