"","bias","note"
"1",-0.965424260558383,"bias.em"
"2",-0.923603449705279,"bias.wls"
