"","bias","note"
"1",1.10525664060067,"bias.em"
"2",1.00968013994547,"bias.wls"
