"","bias","note"
"1",0.170991923509737,"bias.em"
"2",0.0921460325912156,"bias.wls"
