"","bias","note"
"1",0.0696591152313028,"bias.em"
"2",0.153370391670776,"bias.wls"
