"","bias","note"
"1",-0.563861525443305,"bias.em"
"2",-0.593896847814091,"bias.wls"
