"","bias","note"
"1",0.300127197393494,"bias.em"
"2",0.170831671202766,"bias.wls"
