"","bias","note"
"1",0.636783194906884,"bias.em"
"2",0.74022583123105,"bias.wls"
