"","bias","note"
"1",1.69668908091599,"bias.em"
"2",1.82911444565267,"bias.wls"
