"","bias","note"
"1",0.203031237308974,"bias.em"
"2",0.0855493981650867,"bias.wls"
