"","bias","note"
"1",-0.301667151873379,"bias.em"
"2",-0.243294199723982,"bias.wls"
