"","bias","note"
"1",-0.621092781509609,"bias.em"
"2",-0.647872075651212,"bias.wls"
