"","bias","note"
"1",1.05592179270286,"bias.em"
"2",0.996936825266252,"bias.wls"
