"","bias","note"
"1",0.00899645229255672,"bias.em"
"2",-0.250625438615504,"bias.wls"
