"","bias","note"
"1",-0.804004886214202,"bias.em"
"2",-0.773476103792752,"bias.wls"
