"","bias","note"
"1",-0.314055218186022,"bias.em"
"2",-0.519385698199284,"bias.wls"
