"","bias","note"
"1",0.2767496754107,"bias.em"
"2",0.149735861898926,"bias.wls"
