"","bias","note"
"1",1.00298417206186,"bias.em"
"2",1.32958606207123,"bias.wls"
