"","bias","note"
"1",-2.68677809234255,"bias.em"
"2",-2.68677607153318,"bias.wls"
