"","bias","note"
"1",0.425846909923399,"bias.em"
"2",0.428876437916098,"bias.wls"
