"","bias","note"
"1",0.509233562057424,"bias.em"
"2",0.494012713159803,"bias.wls"
