"","bias","note"
"1",-0.463225793715816,"bias.em"
"2",-0.431278875827228,"bias.wls"
