"","bias","note"
"1",0.393534806077043,"bias.em"
"2",0.42040108982109,"bias.wls"
