"","bias","note"
"1",1.06798559680584,"bias.em"
"2",0.945158214651672,"bias.wls"
