"","bias","note"
"1",0.0784840819274647,"bias.em"
"2",0.399534372651206,"bias.wls"
