"","bias","note"
"1",0.562685724180952,"bias.em"
"2",0.57950227937343,"bias.wls"
