"","bias","note"
"1",-0.516280615409408,"bias.em"
"2",-0.543244645204559,"bias.wls"
