"","bias","note"
"1",-0.780993580162505,"bias.em"
"2",-0.719333839375086,"bias.wls"
