"","bias","note"
"1",-0.309451704523428,"bias.em"
"2",-0.439523300366582,"bias.wls"
