"","bias","note"
"1",0.176229503471809,"bias.em"
"2",0.173514069067419,"bias.wls"
