"","bias","note"
"1",-0.00451474144864574,"bias.em"
"2",-0.00303055919954204,"bias.wls"
