"","bias","note"
"1",-0.0413250313194755,"bias.em"
"2",0.0751284658419145,"bias.wls"
