"","bias","note"
"1",-0.990372275261301,"bias.em"
"2",-1.0200385183784,"bias.wls"
