"","bias","note"
"1",-1.48996134238107,"bias.em"
"2",-1.48996181041488,"bias.wls"
