"","bias","note"
"1",-0.34613112209318,"bias.em"
"2",-0.413871819346251,"bias.wls"
