"","bias","note"
"1",-0.399091450952799,"bias.em"
"2",-0.373055355402485,"bias.wls"
