"","bias","note"
"1",-1.26981933899671,"bias.em"
"2",-1.60478806371993,"bias.wls"
