"","bias","note"
"1",0.434787592168986,"bias.em"
"2",0.434787177223394,"bias.wls"
