"","bias","note"
"1",-0.845043620473407,"bias.em"
"2",-0.707201368038243,"bias.wls"
