"","bias","note"
"1",-0.47783188086309,"bias.em"
"2",-0.476543887445878,"bias.wls"
