"","bias","note"
"1",-0.493502564345961,"bias.em"
"2",-0.493502777158196,"bias.wls"
