"","bias","note"
"1",-0.046673893732,"bias.em"
"2",-0.0921142806229519,"bias.wls"
