"","bias","note"
"1",-0.0104936605063704,"bias.em"
"2",-0.411631651396512,"bias.wls"
