"","bias","note"
"1",0.391812108096916,"bias.em"
"2",0.278275314917355,"bias.wls"
