"","bias","note"
"1",-0.59133036196845,"bias.em"
"2",-0.618414785332866,"bias.wls"
