"","bias","note"
"1",-0.458824232969842,"bias.em"
"2",-0.403199169821645,"bias.wls"
