"","bias","note"
"1",0.703800413963139,"bias.em"
"2",0.673660719849081,"bias.wls"
