"","bias","note"
"1",-0.0358762291069671,"bias.em"
"2",-0.0953999807152264,"bias.wls"
