"","bias","note"
"1",0.767084660623754,"bias.em"
"2",0.85859119172988,"bias.wls"
