"","bias","note"
"1",0.0856585862661319,"bias.em"
"2",0.0541842821628085,"bias.wls"
