"","bias","note"
"1",-0.0519787591281374,"bias.em"
"2",-0.0757659301392582,"bias.wls"
