"","bias","note"
"1",-0.420935563554275,"bias.em"
"2",-0.440219104361629,"bias.wls"
