"","bias","note"
"1",0.427884906874708,"bias.em"
"2",0.410094913706415,"bias.wls"
