"","bias","note"
"1",-1.45712807236387,"bias.em"
"2",-1.59611472766779,"bias.wls"
