"","bias","note"
"1",0.154632450950248,"bias.em"
"2",0.205344904943165,"bias.wls"
