"","bias","note"
"1",0.00826043273319086,"bias.em"
"2",0.00160876603647039,"bias.wls"
