"","bias","note"
"1",0.40797263403107,"bias.em"
"2",0.368519822865982,"bias.wls"
