"","bias","note"
"1",0.194138760812313,"bias.em"
"2",0.157156170419384,"bias.wls"
