"","bias","note"
"1",1.47556633075784,"bias.em"
"2",1.49117689825898,"bias.wls"
