"","bias","note"
"1",0.0582274176779724,"bias.em"
"2",0.162533034545763,"bias.wls"
