"","bias","note"
"1",-0.12438747762598,"bias.em"
"2",-0.126676279546551,"bias.wls"
