"","bias","note"
"1",-0.811011999842067,"bias.em"
"2",-0.796424266423309,"bias.wls"
