"","bias","note"
"1",0.124202780651132,"bias.em"
"2",0.16171322396524,"bias.wls"
