"","bias","note"
"1",0.269236952561719,"bias.em"
"2",0.269705690967139,"bias.wls"
