"","bias","note"
"1",3.09479023897203,"bias.em"
"2",3.15414762662279,"bias.wls"
