"","bias","note"
"1",0.258135857873778,"bias.em"
"2",0.097263754927484,"bias.wls"
