"","bias","note"
"1",0.454558575990894,"bias.em"
"2",0.45591667360496,"bias.wls"
