"","bias","note"
"1",0.595573280507266,"bias.em"
"2",0.776146439235583,"bias.wls"
