"","bias","note"
"1",0.434740550225545,"bias.em"
"2",0.435354775299467,"bias.wls"
