"","bias","note"
"1",0.332945533442056,"bias.em"
"2",0.300924170779662,"bias.wls"
