"","bias","note"
"1",0.750640766400301,"bias.em"
"2",0.708512078529606,"bias.wls"
