"","bias","note"
"1",0.0621765477181135,"bias.em"
"2",0.11602175345122,"bias.wls"
