"","bias","note"
"1",-0.236011030330187,"bias.em"
"2",-0.48183994136475,"bias.wls"
