"","bias","note"
"1",0.79989313923979,"bias.em"
"2",0.973518796098182,"bias.wls"
