"","bias","note"
"1",0.532935733109271,"bias.em"
"2",0.481953698712167,"bias.wls"
