"","bias","note"
"1",-1.27082412636434,"bias.em"
"2",-1.32203011768375,"bias.wls"
