"","bias","note"
"1",-0.292114222448315,"bias.em"
"2",-0.223166180527992,"bias.wls"
