"","bias","note"
"1",-0.0562595356761256,"bias.em"
"2",-0.13263618947567,"bias.wls"
