"","bias","note"
"1",-0.678065767774705,"bias.em"
"2",-0.685146953993174,"bias.wls"
