"","bias","note"
"1",-0.00694211169774404,"bias.em"
"2",-0.0877107993543687,"bias.wls"
