"","bias","note"
"1",0.878174379500534,"bias.em"
"2",0.793310805138891,"bias.wls"
