"","bias","note"
"1",-1.66930234546457,"bias.em"
"2",-1.77558234993402,"bias.wls"
