"","bias","note"
"1",0.317745550999139,"bias.em"
"2",0.331085160071786,"bias.wls"
