"","bias","note"
"1",1.82447190586574,"bias.em"
"2",1.80702781652339,"bias.wls"
