"","bias","note"
"1",-1.71786191155787,"bias.em"
"2",-1.66690694255095,"bias.wls"
