"","bias","note"
"1",0.0452848235423287,"bias.em"
"2",0.0895760509443944,"bias.wls"
