"","bias","note"
"1",0.138691103929142,"bias.em"
"2",0.210099670378272,"bias.wls"
