"","bias","note"
"1",-0.0404797615563054,"bias.em"
"2",-0.0403250580425332,"bias.wls"
