"","bias","note"
"1",0.953529680173351,"bias.em"
"2",0.815497647449418,"bias.wls"
