"","bias","note"
"1",1.34236712012222,"bias.em"
"2",1.45395891634176,"bias.wls"
