"","bias","note"
"1",-0.870442106652623,"bias.em"
"2",-0.880817447332113,"bias.wls"
