"","bias","note"
"1",-0.498599634343848,"bias.em"
"2",-0.488058555482698,"bias.wls"
