"","bias","note"
"1",-0.046745087708255,"bias.em"
"2",0.0806347220940124,"bias.wls"
