"","bias","note"
"1",0.593943624392932,"bias.em"
"2",0.629478358761258,"bias.wls"
