"","bias","note"
"1",-0.868303572385514,"bias.em"
"2",-0.670113063456592,"bias.wls"
