"","bias","note"
"1",0.146590826759083,"bias.em"
"2",0.157958456675879,"bias.wls"
