"","bias","note"
"1",0.738009216784111,"bias.em"
"2",0.738007770514644,"bias.wls"
