"","bias","note"
"1",-0.109769875405524,"bias.em"
"2",-0.144771674811975,"bias.wls"
