"","bias","note"
"1",0.0893499194235782,"bias.em"
"2",0.0950025571623752,"bias.wls"
