"","bias","note"
"1",0.33224768632541,"bias.em"
"2",0.316061444828416,"bias.wls"
