"","bias","note"
"1",-0.442500887643249,"bias.em"
"2",-0.424895202642741,"bias.wls"
