"","bias","note"
"1",-0.198099131542662,"bias.em"
"2",-0.266063986809474,"bias.wls"
