"","bias","note"
"1",-0.465965336966047,"bias.em"
"2",-0.484146466339778,"bias.wls"
