"","bias","note"
"1",-0.439961371498214,"bias.em"
"2",-0.476506139891042,"bias.wls"
