"","bias","note"
"1",-0.0506187742740212,"bias.em"
"2",-0.0506178725657456,"bias.wls"
