"","bias","note"
"1",0.693915634379342,"bias.em"
"2",0.768273178904886,"bias.wls"
