"","bias","note"
"1",-0.158624699156875,"bias.em"
"2",-0.136090785918526,"bias.wls"
