"","bias","note"
"1",-0.501543040501453,"bias.em"
"2",-0.474068335440618,"bias.wls"
