"","bias","note"
"1",-2.20737401979575,"bias.em"
"2",-2.27324690567938,"bias.wls"
