"","bias","note"
"1",0.962397110871929,"bias.em"
"2",0.887665730712408,"bias.wls"
