"","bias","note"
"1",2.17167811633041,"bias.em"
"2",2.20349931823011,"bias.wls"
