"","bias","note"
"1",0.220907074288803,"bias.em"
"2",0.220728635801051,"bias.wls"
