"","bias","note"
"1",-0.00300716792227648,"bias.em"
"2",0.0511102386234104,"bias.wls"
