"","bias","note"
"1",0.287758911621129,"bias.em"
"2",0.30350165709138,"bias.wls"
