"","bias","note"
"1",-1.00775372604143,"bias.em"
"2",-1.06200951504552,"bias.wls"
