"","bias","note"
"1",-0.368529971144985,"bias.em"
"2",-0.380356147497852,"bias.wls"
