"","bias","note"
"1",3.36562853322043,"bias.em"
"2",3.15148255135958,"bias.wls"
