"","bias","note"
"1",-1.78086883759743,"bias.em"
"2",-1.82117827612513,"bias.wls"
