"","bias","note"
"1",-0.196821242090115,"bias.em"
"2",-0.195042326683795,"bias.wls"
