"","bias","note"
"1",-0.306061014739254,"bias.em"
"2",-0.30606004795003,"bias.wls"
