"","bias","note"
"1",0.27526078773493,"bias.em"
"2",0.217116685385861,"bias.wls"
