"","bias","note"
"1",-0.258401189379872,"bias.em"
"2",-0.25840187139312,"bias.wls"
