"","bias","note"
"1",0.333947687703478,"bias.em"
"2",0.381863070184175,"bias.wls"
