"","bias","note"
"1",2.13713407560431,"bias.em"
"2",1.78473979106665,"bias.wls"
