"","bias","note"
"1",-0.335527687882201,"bias.em"
"2",-0.297648537303191,"bias.wls"
