"","bias","note"
"1",0.528503486354272,"bias.em"
"2",0.461473535784581,"bias.wls"
