"","bias","note"
"1",0.617638458104903,"bias.em"
"2",0.628993662294856,"bias.wls"
