"","bias","note"
"1",0.395438734516675,"bias.em"
"2",0.289473805150669,"bias.wls"
