"","bias","note"
"1",0.0980671470119359,"bias.em"
"2",0.125619165309159,"bias.wls"
