"","bias","note"
"1",-0.308700926071255,"bias.em"
"2",-0.371549620166876,"bias.wls"
