"","bias","note"
"1",-0.0503738847099863,"bias.em"
"2",-0.0433003119475849,"bias.wls"
