"","bias","note"
"1",0.242346371445809,"bias.em"
"2",0.197463104449634,"bias.wls"
