"","bias","note"
"1",-0.052712468815467,"bias.em"
"2",-0.0628734646177988,"bias.wls"
