"","bias","note"
"1",0.840628392719405,"bias.em"
"2",0.863525735259883,"bias.wls"
