"","bias","note"
"1",0.852774575854029,"bias.em"
"2",0.852768791158887,"bias.wls"
