"","bias","note"
"1",-1.87768178600183,"bias.em"
"2",-1.86697707760866,"bias.wls"
