"","bias","note"
"1",-0.155050503241587,"bias.em"
"2",-0.146751492266536,"bias.wls"
