"","bias","note"
"1",-0.67496889582307,"bias.em"
"2",-0.657818262373903,"bias.wls"
