"","bias","note"
"1",0.00537272217346536,"bias.em"
"2",-0.0345951804088147,"bias.wls"
