"","bias","note"
"1",-0.664578809600996,"bias.em"
"2",-0.690831937525144,"bias.wls"
