"","bias","note"
"1",1.15462245202501,"bias.em"
"2",1.15168296934746,"bias.wls"
