"","bias","note"
"1",0.4816595474375,"bias.em"
"2",0.49286815092831,"bias.wls"
