"","bias","note"
"1",-0.236951497686811,"bias.em"
"2",-0.21910839978599,"bias.wls"
