"","bias","note"
"1",-0.0393167623582019,"bias.em"
"2",0.00570970309290956,"bias.wls"
