"","bias","note"
"1",-0.531665730075124,"bias.em"
"2",-0.608735957258645,"bias.wls"
