"","bias","note"
"1",0.16577791992658,"bias.em"
"2",0.172144767374598,"bias.wls"
