"","bias","note"
"1",0.403458101639728,"bias.em"
"2",0.407644172345218,"bias.wls"
