"","bias","note"
"1",2.56120438743388,"bias.em"
"2",2.52735385831007,"bias.wls"
