"","bias","note"
"1",-0.70155622305222,"bias.em"
"2",-0.782618389953444,"bias.wls"
