"","bias","note"
"1",-0.313432981973727,"bias.em"
"2",-0.2918199945829,"bias.wls"
