"","bias","note"
"1",0.02850829137241,"bias.em"
"2",0.0124829113293395,"bias.wls"
