"","bias","note"
"1",0.512954291705197,"bias.em"
"2",0.499286739985264,"bias.wls"
