"","bias","note"
"1",-0.558845815857757,"bias.em"
"2",-0.478534592923003,"bias.wls"
