"","bias","note"
"1",-0.0357201184942306,"bias.em"
"2",-0.0907420483965578,"bias.wls"
