"","bias","note"
"1",-0.0317557440697925,"bias.em"
"2",-0.0627878949630757,"bias.wls"
