"","bias","note"
"1",0.129579516682873,"bias.em"
"2",0.149793676141334,"bias.wls"
