"","bias","note"
"1",-0.619121494531028,"bias.em"
"2",-0.596049728619058,"bias.wls"
