"","bias","note"
"1",-0.559939825079502,"bias.em"
"2",-0.573500162148969,"bias.wls"
