"","bias","note"
"1",-0.054710391263705,"bias.em"
"2",-0.0566616401067319,"bias.wls"
