"","bias","note"
"1",2.54839208498688,"bias.em"
"2",2.45194956159621,"bias.wls"
