"","bias","note"
"1",1.62750388987115,"bias.em"
"2",1.76182879237131,"bias.wls"
