"","bias","note"
"1",0.157593277859275,"bias.em"
"2",0.131341341571554,"bias.wls"
