"","bias","note"
"1",0.659032672283746,"bias.em"
"2",0.642924133225285,"bias.wls"
