"","bias","note"
"1",0.302558693200636,"bias.em"
"2",0.222715367476822,"bias.wls"
