"","bias","note"
"1",0.217305586767959,"bias.em"
"2",0.2626428342879,"bias.wls"
