"","bias","note"
"1",1.58528060218125,"bias.em"
"2",1.5198162819517,"bias.wls"
