"","bias","note"
"1",0.921982951075634,"bias.em"
"2",0.90987357298314,"bias.wls"
