"","bias","note"
"1",0.703078665588882,"bias.em"
"2",0.712099599281173,"bias.wls"
