"","bias","note"
"1",0.762431499765666,"bias.em"
"2",0.601892770445521,"bias.wls"
