"","bias","note"
"1",-0.267085632539916,"bias.em"
"2",-0.239791667731927,"bias.wls"
