"","bias","note"
"1",-0.995731264113383,"bias.em"
"2",-0.996037154125487,"bias.wls"
