"","bias","note"
"1",1.21637576323164,"bias.em"
"2",1.24706188064182,"bias.wls"
