"","bias","note"
"1",0.283055494531271,"bias.em"
"2",0.283055866970769,"bias.wls"
