"","bias","note"
"1",1.68992842051233,"bias.em"
"2",1.72398115528754,"bias.wls"
