"","bias","note"
"1",0.151523877953161,"bias.em"
"2",-0.198249720971376,"bias.wls"
