"","bias","note"
"1",-1.14675600335929,"bias.em"
"2",-1.20659703318616,"bias.wls"
