"","bias","note"
"1",0.532461603623866,"bias.em"
"2",0.456717056824744,"bias.wls"
