"","bias","note"
"1",0.662029207149269,"bias.em"
"2",0.716906953687277,"bias.wls"
