"","bias","note"
"1",-0.415524239011771,"bias.em"
"2",-0.410187014324396,"bias.wls"
