"","bias","note"
"1",-0.265408309601786,"bias.em"
"2",-0.303801872476927,"bias.wls"
