"","bias","note"
"1",-0.263706177984697,"bias.em"
"2",-0.23603287513971,"bias.wls"
