"","bias","note"
"1",-0.184384350227644,"bias.em"
"2",-0.755398655797236,"bias.wls"
