"","bias","note"
"1",0.0938955808605097,"bias.em"
"2",0.0921766145500986,"bias.wls"
