"","bias","note"
"1",1.40170944712679,"bias.em"
"2",1.41098494743618,"bias.wls"
