"","bias","note"
"1",-1.01170876808617,"bias.em"
"2",-0.97629636829726,"bias.wls"
