"","bias","note"
"1",0.690285036953434,"bias.em"
"2",0.582690894963048,"bias.wls"
