"","bias","note"
"1",-0.559953713896543,"bias.em"
"2",-0.374980931289925,"bias.wls"
