"","bias","note"
"1",-0.359860907146015,"bias.em"
"2",-0.316898610487737,"bias.wls"
