"","bias","note"
"1",-0.612951408030483,"bias.em"
"2",-0.627564942144749,"bias.wls"
