"","bias","note"
"1",0.0851630774902198,"bias.em"
"2",0.0139379316979202,"bias.wls"
