"","bias","note"
"1",1.50311862102185,"bias.em"
"2",1.3745435920749,"bias.wls"
