"","bias","note"
"1",-0.233553086459825,"bias.em"
"2",-0.240309728046213,"bias.wls"
