"","bias","note"
"1",-0.188867457932039,"bias.em"
"2",-0.181725925868664,"bias.wls"
