"","bias","note"
"1",0.00673046215264144,"bias.em"
"2",0.0069486898489336,"bias.wls"
