"","bias","note"
"1",-1.38030209408822,"bias.em"
"2",-1.32066841312131,"bias.wls"
