"","bias","note"
"1",-0.206920023618979,"bias.em"
"2",-0.210239716674126,"bias.wls"
