"","bias","note"
"1",-2.37300680140558,"bias.em"
"2",-2.34175485873665,"bias.wls"
