"","bias","note"
"1",-0.958810515518132,"bias.em"
"2",-1.06104052395287,"bias.wls"
