"","bias","note"
"1",-0.196464141576594,"bias.em"
"2",-0.172691703860513,"bias.wls"
