"","bias","note"
"1",0.43025490262097,"bias.em"
"2",0.305765592425199,"bias.wls"
