"","bias","note"
"1",-0.23871440859049,"bias.em"
"2",-0.291476529285271,"bias.wls"
