"","bias","note"
"1",-1.07327903193127,"bias.em"
"2",-1.00966802597306,"bias.wls"
