"","bias","note"
"1",1.29616094456628,"bias.em"
"2",1.20835726980429,"bias.wls"
