"","bias","note"
"1",-3.29584382137125,"bias.em"
"2",-3.44414749798355,"bias.wls"
