"","bias","note"
"1",0.126658047871189,"bias.em"
"2",0.12915746044994,"bias.wls"
