"","bias","note"
"1",0.65547791433347,"bias.em"
"2",0.749024790926404,"bias.wls"
