"","bias","note"
"1",0.520118240363355,"bias.em"
"2",0.596481227302166,"bias.wls"
