"","bias","note"
"1",0.337690358839395,"bias.em"
"2",0.482309085935032,"bias.wls"
