"","bias","note"
"1",-0.0845874291697434,"bias.em"
"2",-0.0723080864717104,"bias.wls"
