"","bias","note"
"1",0.305775614204784,"bias.em"
"2",0.289957594674141,"bias.wls"
