"","bias","note"
"1",0.206425242096863,"bias.em"
"2",0.217917442531013,"bias.wls"
