"","bias","note"
"1",0.244920388842763,"bias.em"
"2",0.190442776377178,"bias.wls"
