"","bias","note"
"1",0.869864617437256,"bias.em"
"2",0.880234393745079,"bias.wls"
