"","bias","note"
"1",0.323195657895422,"bias.em"
"2",0.314918157441075,"bias.wls"
