"","bias","note"
"1",0.697732628999896,"bias.em"
"2",0.728539518676954,"bias.wls"
