"","bias","note"
"1",-0.00205136168728903,"bias.em"
"2",0.0236285110031928,"bias.wls"
