"","bias","note"
"1",-0.99117341299272,"bias.em"
"2",-0.998936763284621,"bias.wls"
