"","bias","note"
"1",-0.0731640919939128,"bias.em"
"2",-0.0731680160570982,"bias.wls"
