"","bias","note"
"1",0.00627343177838503,"bias.em"
"2",-0.000908188786342722,"bias.wls"
