"","bias","note"
"1",0.464302547165768,"bias.em"
"2",0.479091827169156,"bias.wls"
