"","bias","note"
"1",-1.07044975336729,"bias.em"
"2",-1.08897204687961,"bias.wls"
