"","bias","note"
"1",0.605093244863745,"bias.em"
"2",0.60447186759075,"bias.wls"
