"","bias","note"
"1",0.486065955360813,"bias.em"
"2",0.457538979761373,"bias.wls"
