"","bias","note"
"1",0.856981078225934,"bias.em"
"2",0.775260325400347,"bias.wls"
