"","bias","note"
"1",3.19394686571263,"bias.em"
"2",3.28712722665664,"bias.wls"
