"","bias","note"
"1",-0.703698346486204,"bias.em"
"2",-0.765461640522294,"bias.wls"
