"","bias","note"
"1",0.30548616582296,"bias.em"
"2",0.305484694829443,"bias.wls"
