"","bias","note"
"1",0.526653471775656,"bias.em"
"2",0.385117418092872,"bias.wls"
