"","bias","note"
"1",0.69128198312293,"bias.em"
"2",0.691264892777989,"bias.wls"
