"","bias","note"
"1",0.621586702597754,"bias.em"
"2",0.673000623193135,"bias.wls"
