"","bias","note"
"1",0.491629841152519,"bias.em"
"2",0.31004939071804,"bias.wls"
