"","bias","note"
"1",-0.72870298332293,"bias.em"
"2",-0.720307707870839,"bias.wls"
