"","bias","note"
"1",0.451312399491575,"bias.em"
"2",0.399129050015796,"bias.wls"
