"","bias","note"
"1",0.0817168027026014,"bias.em"
"2",-0.00382529467418876,"bias.wls"
