"","bias","note"
"1",0.223527640273989,"bias.em"
"2",0.204684921271215,"bias.wls"
