"","bias","note"
"1",0.250202387529521,"bias.em"
"2",0.108894757923576,"bias.wls"
