"","bias","note"
"1",-0.192542111868785,"bias.em"
"2",-0.207646070396176,"bias.wls"
