"","bias","note"
"1",-0.745853692656827,"bias.em"
"2",-0.752281800082904,"bias.wls"
