"","bias","note"
"1",1.068517951127,"bias.em"
"2",1.05922957002613,"bias.wls"
