"","bias","note"
"1",0.801563175607876,"bias.em"
"2",0.75325127576932,"bias.wls"
