"","bias","note"
"1",-0.114460331144212,"bias.em"
"2",-0.120594920400015,"bias.wls"
