"","bias","note"
"1",0.47354984132907,"bias.em"
"2",0.540389879324299,"bias.wls"
