"","bias","note"
"1",1.55163623651696,"bias.em"
"2",1.55163496851913,"bias.wls"
