"","bias","note"
"1",-0.493211659570278,"bias.em"
"2",-0.493210830816976,"bias.wls"
