"","bias","note"
"1",-0.740627535606163,"bias.em"
"2",-0.730100073986388,"bias.wls"
