"","bias","note"
"1",-0.385747448539155,"bias.em"
"2",-0.378755297082182,"bias.wls"
