"","bias","note"
"1",-2.82801425190509,"bias.em"
"2",-2.83952919588529,"bias.wls"
