"","bias","note"
"1",-0.994127751836208,"bias.em"
"2",-1.04146611653772,"bias.wls"
