"","bias","note"
"1",-0.79805171691385,"bias.em"
"2",-0.666237093449883,"bias.wls"
