"","bias","note"
"1",-0.483416669052384,"bias.em"
"2",-0.558460151523288,"bias.wls"
