"","bias","note"
"1",0.288631313143564,"bias.em"
"2",0.28862338383497,"bias.wls"
