"","bias","note"
"1",0.462980261393679,"bias.em"
"2",0.457100646877436,"bias.wls"
