"","bias","note"
"1",1.26710574547495,"bias.em"
"2",1.34146049823546,"bias.wls"
