"","bias","note"
"1",-0.653442136621732,"bias.em"
"2",-0.686960006970039,"bias.wls"
