"","bias","note"
"1",1.45063605840981,"bias.em"
"2",1.55854638044278,"bias.wls"
