"","bias","note"
"1",-0.0112224796737382,"bias.em"
"2",-0.0510493857155253,"bias.wls"
