"","bias","note"
"1",0.0651355332098141,"bias.em"
"2",0.183188846125299,"bias.wls"
