"","bias","note"
"1",-0.461277558153574,"bias.em"
"2",-0.803212782177748,"bias.wls"
