"","bias","note"
"1",0.0194585560069942,"bias.em"
"2",-0.00701257784950608,"bias.wls"
