"","bias","note"
"1",0.239600325673573,"bias.em"
"2",0.222557184564448,"bias.wls"
