"","bias","note"
"1",1.27479076853035,"bias.em"
"2",1.31735974318004,"bias.wls"
