"","bias","note"
"1",0.488154918665753,"bias.em"
"2",0.385308416106822,"bias.wls"
