"","bias","note"
"1",0.212216872490493,"bias.em"
"2",0.182877210588823,"bias.wls"
