"","bias","note"
"1",-0.853134963082035,"bias.em"
"2",-0.89200557938083,"bias.wls"
