"","bias","note"
"1",-0.800062388231123,"bias.em"
"2",-0.873146441966445,"bias.wls"
