"","bias","note"
"1",0.457847972406459,"bias.em"
"2",0.768689145576095,"bias.wls"
