"","bias","note"
"1",-0.240925061401551,"bias.em"
"2",-0.240771890541231,"bias.wls"
