"","bias","note"
"1",1.00186430531419,"bias.em"
"2",0.956067027376159,"bias.wls"
