"","bias","note"
"1",-0.381595771871013,"bias.em"
"2",-0.652464580382278,"bias.wls"
