"","bias","note"
"1",0.181544473561939,"bias.em"
"2",0.231418425818762,"bias.wls"
