"","bias","note"
"1",0.365873725467496,"bias.em"
"2",0.895352133756817,"bias.wls"
