"","bias","note"
"1",-0.580884179199223,"bias.em"
"2",-0.654308385199003,"bias.wls"
