"","bias","note"
"1",0.260377062977431,"bias.em"
"2",0.165482562633461,"bias.wls"
