"","bias","note"
"1",-0.201968587188047,"bias.em"
"2",-0.207495982307737,"bias.wls"
