"","bias","note"
"1",0.842176867701848,"bias.em"
"2",0.766196801466598,"bias.wls"
