"","bias","note"
"1",-0.108397517873121,"bias.em"
"2",-0.434952922259854,"bias.wls"
