"","bias","note"
"1",-0.135085604978701,"bias.em"
"2",-0.108815847231812,"bias.wls"
