"","bias","note"
"1",-0.0107579542140407,"bias.em"
"2",0.141437790551283,"bias.wls"
