"","bias","note"
"1",-0.16589795597296,"bias.em"
"2",-0.17318007983684,"bias.wls"
