"","bias","note"
"1",0.0953915637306319,"bias.em"
"2",0.0896628673834228,"bias.wls"
