"","bias","note"
"1",-0.546785055709616,"bias.em"
"2",-0.61144831851483,"bias.wls"
