"","bias","note"
"1",-1.07190388726375,"bias.em"
"2",-1.19076497467887,"bias.wls"
