"","bias","note"
"1",0.904951941116237,"bias.em"
"2",1.09127244126142,"bias.wls"
