"","bias","note"
"1",-1.38945186579136,"bias.em"
"2",-1.38786532981757,"bias.wls"
