"","bias","note"
"1",0.103604085472003,"bias.em"
"2",0.164966560872884,"bias.wls"
