"","bias","note"
"1",-0.327812233282405,"bias.em"
"2",-0.34801732813034,"bias.wls"
