"","bias","note"
"1",1.02403522678957,"bias.em"
"2",1.07028197847818,"bias.wls"
