"","bias","note"
"1",-1.08003743723533,"bias.em"
"2",-1.22657010332941,"bias.wls"
