"","bias","note"
"1",-1.44474733986835,"bias.em"
"2",-1.47877313407352,"bias.wls"
