"","bias","note"
"1",-1.08472100358046,"bias.em"
"2",-1.05280489804886,"bias.wls"
