"","bias","note"
"1",0.172239396497039,"bias.em"
"2",0.190539719266192,"bias.wls"
