"","bias","note"
"1",0.253517535525915,"bias.em"
"2",0.253516892506139,"bias.wls"
