"","bias","note"
"1",-0.448101458298828,"bias.em"
"2",-0.425404271203432,"bias.wls"
