"","bias","note"
"1",0.642866732135143,"bias.em"
"2",0.625404627228826,"bias.wls"
