"","bias","note"
"1",-0.0229473518171481,"bias.em"
"2",-0.0505320071689639,"bias.wls"
