"","bias","note"
"1",-0.195975724063957,"bias.em"
"2",-0.217747369373399,"bias.wls"
