"","bias","note"
"1",0.318580836465853,"bias.em"
"2",0.288792811724802,"bias.wls"
