"","bias","note"
"1",0.47625327755265,"bias.em"
"2",0.556415781467928,"bias.wls"
