"","bias","note"
"1",0.303796204503474,"bias.em"
"2",0.307956954836636,"bias.wls"
