"","bias","note"
"1",-0.530998955891635,"bias.em"
"2",-0.448242065365097,"bias.wls"
