"","bias","note"
"1",-0.143472386417373,"bias.em"
"2",-0.0180009191881145,"bias.wls"
