"","bias","note"
"1",0.262723381500886,"bias.em"
"2",0.218440210689441,"bias.wls"
