"","bias","note"
"1",0.60152829141342,"bias.em"
"2",0.646736939340967,"bias.wls"
