"","bias","note"
"1",0.528983509770506,"bias.em"
"2",0.428496156176447,"bias.wls"
