"","bias","note"
"1",0.296369710016164,"bias.em"
"2",0.312655788018397,"bias.wls"
