"","bias","note"
"1",0.0846282483838756,"bias.em"
"2",-0.0239903555719364,"bias.wls"
