"","bias","note"
"1",0.091258885302209,"bias.em"
"2",0.0875499805852365,"bias.wls"
