"","bias","note"
"1",0.874636833123482,"bias.em"
"2",0.799788431411744,"bias.wls"
