"","bias","note"
"1",-0.00774943039881313,"bias.em"
"2",-0.0229043004459312,"bias.wls"
