"","bias","note"
"1",0.955617008747507,"bias.em"
"2",0.949305408138021,"bias.wls"
