"","bias","note"
"1",-0.521082584223988,"bias.em"
"2",-0.569013493929899,"bias.wls"
