"","bias","note"
"1",-0.364798402244478,"bias.em"
"2",-0.380641552050593,"bias.wls"
