"","bias","note"
"1",-0.148732976364133,"bias.em"
"2",0.0545407685134281,"bias.wls"
