"","bias","note"
"1",0.0897773427272548,"bias.em"
"2",0.171453878183702,"bias.wls"
