"","bias","note"
"1",-0.267524808539722,"bias.em"
"2",-0.19416631612251,"bias.wls"
