"","bias","note"
"1",-0.272208324474368,"bias.em"
"2",-0.22159108232617,"bias.wls"
