"","bias","note"
"1",-0.855691946427792,"bias.em"
"2",-0.726190343045617,"bias.wls"
