"","bias","note"
"1",-0.63279695912573,"bias.em"
"2",-0.728108963378327,"bias.wls"
