"","bias","note"
"1",0.865619566020127,"bias.em"
"2",0.848693263822037,"bias.wls"
