"","bias","note"
"1",0.158611585998118,"bias.em"
"2",0.181489057774409,"bias.wls"
