"","bias","note"
"1",-0.522064017805553,"bias.em"
"2",-0.513198225503497,"bias.wls"
