"","bias","note"
"1",-1.32199346738541,"bias.em"
"2",-1.31808882030305,"bias.wls"
