"","bias","note"
"1",-0.190599629754581,"bias.em"
"2",-0.143688118427968,"bias.wls"
