"","bias","note"
"1",0.305277181728879,"bias.em"
"2",0.265964585417447,"bias.wls"
