"","bias","note"
"1",0.69135974251666,"bias.em"
"2",0.698800430334454,"bias.wls"
