"","bias","note"
"1",0.607171807938748,"bias.em"
"2",0.465313145943825,"bias.wls"
