"","bias","note"
"1",-0.112127617956178,"bias.em"
"2",-0.107035086781002,"bias.wls"
