"","bias","note"
"1",0.4527895025596,"bias.em"
"2",0.367347898459782,"bias.wls"
