"","bias","note"
"1",-0.592808940936514,"bias.em"
"2",-0.599770188504462,"bias.wls"
