"","bias","note"
"1",0.393276748159355,"bias.em"
"2",0.39790497598103,"bias.wls"
