"","bias","note"
"1",-0.0427203326581224,"bias.em"
"2",-0.0647614713461254,"bias.wls"
