"","bias","note"
"1",0.202834616907058,"bias.em"
"2",0.126523162971872,"bias.wls"
