"","bias","note"
"1",-0.0973788249691952,"bias.em"
"2",0.00962142689001176,"bias.wls"
