"","bias","note"
"1",-0.663280404117609,"bias.em"
"2",-0.6844375034511,"bias.wls"
