"","bias","note"
"1",-0.292021427614396,"bias.em"
"2",-0.316925342551231,"bias.wls"
