"","bias","note"
"1",-0.072507373960662,"bias.em"
"2",-0.0526334238049879,"bias.wls"
