"","bias","note"
"1",0.274509933708705,"bias.em"
"2",0.274510670897785,"bias.wls"
