"","bias","note"
"1",0.246517257653294,"bias.em"
"2",0.246547269755044,"bias.wls"
