"","bias","note"
"1",-0.0559379338729821,"bias.em"
"2",-0.0559371400688211,"bias.wls"
