"","bias","note"
"1",-0.683319709551339,"bias.em"
"2",-0.781204613116508,"bias.wls"
