"","bias","note"
"1",-0.129466648071106,"bias.em"
"2",-0.126690644656344,"bias.wls"
