"","bias","note"
"1",-0.200130343386919,"bias.em"
"2",-0.218753047420643,"bias.wls"
