"","bias","note"
"1",0.0491993541619122,"bias.em"
"2",0.0239740356317346,"bias.wls"
