"","bias","note"
"1",-1.03204282359042,"bias.em"
"2",-1.12176099888932,"bias.wls"
