"","bias","note"
"1",-0.0295392838351284,"bias.em"
"2",-0.00699342629813895,"bias.wls"
