"","bias","note"
"1",0.252708978918445,"bias.em"
"2",0.213173795494221,"bias.wls"
