"","bias","note"
"1",0.29987204076405,"bias.em"
"2",0.29476349256065,"bias.wls"
