"","bias","note"
"1",0.53125431929149,"bias.em"
"2",0.635969425089776,"bias.wls"
