"","bias","note"
"1",-0.245623591171583,"bias.em"
"2",-0.299733158722824,"bias.wls"
