"","bias","note"
"1",0.988360489877715,"bias.em"
"2",0.646913508521387,"bias.wls"
