"","bias","note"
"1",0.142670234805992,"bias.em"
"2",0.142669765463739,"bias.wls"
