"","bias","note"
"1",0.0940701277391407,"bias.em"
"2",0.189064062860101,"bias.wls"
