"","bias","note"
"1",-0.0217501441627081,"bias.em"
"2",-0.054249255901841,"bias.wls"
