"","bias","note"
"1",0.599675631715508,"bias.em"
"2",0.578778361244328,"bias.wls"
