"","bias","note"
"1",0.0562176314522782,"bias.em"
"2",0.0192213310872317,"bias.wls"
