"","bias","note"
"1",0.240087913841481,"bias.em"
"2",0.163460591230883,"bias.wls"
