"","bias","note"
"1",-0.319766951092071,"bias.em"
"2",-0.651690700559262,"bias.wls"
