"","bias","note"
"1",0.104171342156299,"bias.em"
"2",0.12987982069965,"bias.wls"
