"","bias","note"
"1",0.122017658276329,"bias.em"
"2",0.0328155168546132,"bias.wls"
