"","bias","note"
"1",0.635069759027577,"bias.em"
"2",0.595090579534684,"bias.wls"
