"","bias","note"
"1",0.129140417763516,"bias.em"
"2",0.0152915296627392,"bias.wls"
