"","bias","note"
"1",-0.357183576057843,"bias.em"
"2",-0.357183884795428,"bias.wls"
