"","bias","note"
"1",0.114266978260829,"bias.em"
"2",0.123355819824999,"bias.wls"
