"","bias","note"
"1",-0.0701765967085198,"bias.em"
"2",-0.10191144037706,"bias.wls"
