"","bias","note"
"1",-0.306828651525282,"bias.em"
"2",-0.647276801476519,"bias.wls"
