"","bias","note"
"1",0.346366716283796,"bias.em"
"2",0.284878903666734,"bias.wls"
