"","bias","note"
"1",-0.276003406914844,"bias.em"
"2",-0.292037295643555,"bias.wls"
