"","bias","note"
"1",-0.448544194503849,"bias.em"
"2",-0.296840988429034,"bias.wls"
