"","bias","note"
"1",-0.207590524218544,"bias.em"
"2",-0.17838295992207,"bias.wls"
