"","bias","note"
"1",0.176715447887925,"bias.em"
"2",0.213743746545213,"bias.wls"
