"","bias","note"
"1",-0.267977081849069,"bias.em"
"2",-0.28288752877586,"bias.wls"
