"","bias","note"
"1",-0.34330990069913,"bias.em"
"2",-0.345777786438459,"bias.wls"
