"","bias","note"
"1",-1.54030238861268,"bias.em"
"2",-1.54708477872856,"bias.wls"
