"","bias","note"
"1",0.147969367113151,"bias.em"
"2",0.139045107531034,"bias.wls"
