"","bias","note"
"1",-0.0316772656516649,"bias.em"
"2",0.0234343606996742,"bias.wls"
