"","bias","note"
"1",0.0131656380895023,"bias.em"
"2",0.0165033809844369,"bias.wls"
