"","bias","note"
"1",-0.273249893004657,"bias.em"
"2",-0.296764892825685,"bias.wls"
