"","bias","note"
"1",0.467336989797851,"bias.em"
"2",0.432682038249913,"bias.wls"
