"","bias","note"
"1",0.179959480126762,"bias.em"
"2",0.0262233314198833,"bias.wls"
