"","bias","note"
"1",-0.0176137882384352,"bias.em"
"2",-0.100196854124072,"bias.wls"
