"","bias","note"
"1",0.561166906976963,"bias.em"
"2",0.618408574653031,"bias.wls"
