"","bias","note"
"1",-0.948737364866829,"bias.em"
"2",-0.900248806572421,"bias.wls"
