"","bias","note"
"1",-0.193960671833421,"bias.em"
"2",-0.193702568008084,"bias.wls"
