"","bias","note"
"1",-0.194363588472781,"bias.em"
"2",-0.225984503114544,"bias.wls"
