"","bias","note"
"1",0.348009378647257,"bias.em"
"2",0.0661906386665963,"bias.wls"
