"","bias","note"
"1",-0.262933999878303,"bias.em"
"2",-0.272773314765754,"bias.wls"
