"","bias","note"
"1",0.263616623417514,"bias.em"
"2",0.347148169010239,"bias.wls"
