"","bias","note"
"1",-0.212625272390369,"bias.em"
"2",-0.175399057555096,"bias.wls"
