"","bias","note"
"1",-0.123502552098022,"bias.em"
"2",-0.107202109511019,"bias.wls"
