"","bias","note"
"1",0.398405123222439,"bias.em"
"2",0.0993582604512003,"bias.wls"
