"","bias","note"
"1",-0.112007584913199,"bias.em"
"2",-0.0984029624171558,"bias.wls"
