"","bias","note"
"1",-0.45221621974753,"bias.em"
"2",-0.431270721506239,"bias.wls"
