"","bias","note"
"1",-0.234297440337965,"bias.em"
"2",-0.242108599676159,"bias.wls"
