"","bias","note"
"1",-1.44783039821149,"bias.em"
"2",-1.40804427956274,"bias.wls"
