"","bias","note"
"1",0.0667480030270786,"bias.em"
"2",0.075666703394196,"bias.wls"
