"","bias","note"
"1",-0.0896128418284281,"bias.em"
"2",-0.0840120143412882,"bias.wls"
