"","bias","note"
"1",0.316932633981264,"bias.em"
"2",0.310370527109624,"bias.wls"
