"","bias","note"
"1",0.197685707564122,"bias.em"
"2",0.161837817758975,"bias.wls"
