"","bias","note"
"1",-0.0320236202954685,"bias.em"
"2",-0.212290571555271,"bias.wls"
