"","bias","note"
"1",-0.0727046553557668,"bias.em"
"2",-0.163313593095228,"bias.wls"
