"","bias","note"
"1",0.664824759899047,"bias.em"
"2",0.523509831816156,"bias.wls"
