"","bias","note"
"1",0.106028558637504,"bias.em"
"2",0.105194916162553,"bias.wls"
