"","bias","note"
"1",-0.326371484769568,"bias.em"
"2",-0.318792415381113,"bias.wls"
