"","bias","note"
"1",0.113157729249755,"bias.em"
"2",0.124244157230983,"bias.wls"
