"","bias","note"
"1",0.578298514398299,"bias.em"
"2",0.597678244786042,"bias.wls"
