"","bias","note"
"1",-0.408072450035732,"bias.em"
"2",-0.405141047840676,"bias.wls"
