"","bias","note"
"1",-0.0657176013230137,"bias.em"
"2",-0.0255915708152107,"bias.wls"
