"","bias","note"
"1",-0.307280390284302,"bias.em"
"2",-0.313082057154352,"bias.wls"
