"","bias","note"
"1",-0.180942268949797,"bias.em"
"2",-0.223071977674851,"bias.wls"
