"","bias","note"
"1",0.422576178114853,"bias.em"
"2",0.378836542808729,"bias.wls"
