"","bias","note"
"1",0.464409479997955,"bias.em"
"2",0.301084877655239,"bias.wls"
