"","bias","note"
"1",-0.419513188021928,"bias.em"
"2",-0.389879985813662,"bias.wls"
