"","bias","note"
"1",-0.0520320491160276,"bias.em"
"2",-0.0591680901296091,"bias.wls"
