"","bias","note"
"1",1.68861477161742,"bias.em"
"2",1.65720081640998,"bias.wls"
