"","bias","note"
"1",-0.231715457266012,"bias.em"
"2",-0.221633857980749,"bias.wls"
