"","bias","note"
"1",-0.0841833793436408,"bias.em"
"2",-0.0841834837095887,"bias.wls"
