"","bias","note"
"1",0.286191180258499,"bias.em"
"2",0.263238399604104,"bias.wls"
