"","bias","note"
"1",-1.20907062209251,"bias.em"
"2",-1.34669301594403,"bias.wls"
