"","bias","note"
"1",0.0413270250045796,"bias.em"
"2",0.0483560032377407,"bias.wls"
