"","bias","note"
"1",0.110281819669375,"bias.em"
"2",0.195518956263961,"bias.wls"
