"","bias","note"
"1",0.666054420447797,"bias.em"
"2",0.662101802147364,"bias.wls"
