"","bias","note"
"1",0.245369890523083,"bias.em"
"2",0.275792898344829,"bias.wls"
