"","bias","note"
"1",-0.302097786929498,"bias.em"
"2",-0.302098113540778,"bias.wls"
