"","bias","note"
"1",0.511549260782429,"bias.em"
"2",0.482635155283423,"bias.wls"
