"","bias","note"
"1",0.00209703471927129,"bias.em"
"2",-0.183185539319503,"bias.wls"
