"","bias","note"
"1",0.0187970205722518,"bias.em"
"2",-0.144561936818779,"bias.wls"
