"","bias","note"
"1",0.0032755543986797,"bias.em"
"2",0.0220996564576087,"bias.wls"
