"","bias","note"
"1",-0.341030318096487,"bias.em"
"2",-0.358126652027916,"bias.wls"
