"","bias","note"
"1",-0.0965646167087436,"bias.em"
"2",-0.11404964476676,"bias.wls"
