"","bias","note"
"1",0.173831753985519,"bias.em"
"2",0.134849065572117,"bias.wls"
