"","bias","note"
"1",-0.181597947349863,"bias.em"
"2",-0.18047705761175,"bias.wls"
