"","bias","note"
"1",0.869478655696815,"bias.em"
"2",0.736536059797697,"bias.wls"
