"","bias","note"
"1",-0.0143594266029491,"bias.em"
"2",-0.0560217878768263,"bias.wls"
