"","bias","note"
"1",-0.191110869924692,"bias.em"
"2",-0.223894400659106,"bias.wls"
