"","bias","note"
"1",-0.0523076484623318,"bias.em"
"2",-0.0343844031854936,"bias.wls"
