"","bias","note"
"1",-0.144520078441932,"bias.em"
"2",0.685654814144802,"bias.wls"
