"","bias","note"
"1",0.267550613343413,"bias.em"
"2",0.266929607744005,"bias.wls"
