"","bias","note"
"1",0.122727360534583,"bias.em"
"2",0.123110084943898,"bias.wls"
