"","bias","note"
"1",0.0315766654989704,"bias.em"
"2",0.0335691532301197,"bias.wls"
