"","bias","note"
"1",-0.14250601146162,"bias.em"
"2",-0.136389989841287,"bias.wls"
