"","bias","note"
"1",0.49326989584583,"bias.em"
"2",0.504029321534136,"bias.wls"
