"","bias","note"
"1",-0.205645506610406,"bias.em"
"2",-0.228866184649427,"bias.wls"
