"","bias","note"
"1",0.734351334138371,"bias.em"
"2",0.678321538385808,"bias.wls"
