"","bias","note"
"1",0.190318652354648,"bias.em"
"2",0.0963362030885534,"bias.wls"
