"","bias","note"
"1",0.00417883386282902,"bias.em"
"2",-0.115691319944734,"bias.wls"
