"","bias","note"
"1",0.108214000847993,"bias.em"
"2",0.103161077699546,"bias.wls"
