"","bias","note"
"1",-0.180696261358819,"bias.em"
"2",-0.176538078038933,"bias.wls"
