"","bias","note"
"1",0.0457773500698455,"bias.em"
"2",0.00885749526393494,"bias.wls"
