"","bias","note"
"1",-0.275729537675871,"bias.em"
"2",-0.158948935934427,"bias.wls"
