"","bias","note"
"1",0.0720533262696855,"bias.em"
"2",0.0688664220450211,"bias.wls"
