"","bias","note"
"1",0.27290995364986,"bias.em"
"2",0.347927615712321,"bias.wls"
