"","bias","note"
"1",-0.0810338695740198,"bias.em"
"2",-0.00909964400475998,"bias.wls"
