"","bias","note"
"1",-0.270206076273514,"bias.em"
"2",-0.281557796874115,"bias.wls"
