"","bias","note"
"1",-0.0231414828163996,"bias.em"
"2",-0.00128574360911869,"bias.wls"
