"","bias","note"
"1",-0.107258102227926,"bias.em"
"2",-0.0669465565409831,"bias.wls"
