"","bias","note"
"1",-0.165389890358395,"bias.em"
"2",-0.209040030352124,"bias.wls"
