"","bias","note"
"1",-0.103395164308732,"bias.em"
"2",0.0340809312269755,"bias.wls"
