"","bias","note"
"1",-0.181503914451387,"bias.em"
"2",-0.20689137713757,"bias.wls"
