"","bias","note"
"1",0.298238200273692,"bias.em"
"2",0.354265387962297,"bias.wls"
