"","bias","note"
"1",-0.429426240030562,"bias.em"
"2",-0.608748089797961,"bias.wls"
