"","bias","note"
"1",-0.165895615398419,"bias.em"
"2",-0.152833297067956,"bias.wls"
