"","bias","note"
"1",0.064785532439816,"bias.em"
"2",0.0485396003315693,"bias.wls"
