"","bias","note"
"1",-0.448128274313205,"bias.em"
"2",-0.46537365054476,"bias.wls"
