"","bias","note"
"1",-0.365529018079236,"bias.em"
"2",-0.4398024514457,"bias.wls"
