"","bias","note"
"1",0.418397298896197,"bias.em"
"2",0.407163818353307,"bias.wls"
