"","bias","note"
"1",0.245863557539866,"bias.em"
"2",0.232139558544046,"bias.wls"
