"","bias","note"
"1",0.0457238713509674,"bias.em"
"2",-0.037342514306441,"bias.wls"
