"","bias","note"
"1",0.0902647711338071,"bias.em"
"2",0.145610288434554,"bias.wls"
