"","bias","note"
"1",0.0327954824463911,"bias.em"
"2",0.0016234948481554,"bias.wls"
