"","bias","note"
"1",-0.614616817206277,"bias.em"
"2",-0.640854952223018,"bias.wls"
