"","bias","note"
"1",0.175993497459858,"bias.em"
"2",0.0486732514859219,"bias.wls"
