"","bias","note"
"1",-0.116442678783484,"bias.em"
"2",0.0754532340436618,"bias.wls"
