"","bias","note"
"1",0.384504589426781,"bias.em"
"2",0.396807047400568,"bias.wls"
