"","bias","note"
"1",-0.103180968093956,"bias.em"
"2",-0.169297517159268,"bias.wls"
