"","bias","note"
"1",0.436025925282891,"bias.em"
"2",0.555965921081835,"bias.wls"
