"","bias","note"
"1",0.23140985248017,"bias.em"
"2",0.258265378880996,"bias.wls"
