"","bias","note"
"1",0.160911107449335,"bias.em"
"2",-0.454623586901317,"bias.wls"
