"","bias","note"
"1",0.148862552785723,"bias.em"
"2",0.150432047276122,"bias.wls"
