"","bias","note"
"1",0.854788353765404,"bias.em"
"2",0.705459533962885,"bias.wls"
