"","bias","note"
"1",0.183260452208157,"bias.em"
"2",0.159046905505698,"bias.wls"
