"","bias","note"
"1",0.837846750944349,"bias.em"
"2",0.543877004114847,"bias.wls"
