"","bias","note"
"1",0.0202370694904597,"bias.em"
"2",0.0609218494966654,"bias.wls"
