"","bias","note"
"1",0.229389601432934,"bias.em"
"2",0.316546164243355,"bias.wls"
