"","bias","note"
"1",0.268439880223555,"bias.em"
"2",0.205881787918094,"bias.wls"
