"","bias","note"
"1",-0.10116204590778,"bias.em"
"2",-0.144640546899045,"bias.wls"
