"","bias","note"
"1",-0.129551748937874,"bias.em"
"2",-0.301075118730506,"bias.wls"
