"","bias","note"
"1",0.0345444500628588,"bias.em"
"2",-0.21205503855678,"bias.wls"
