"","bias","note"
"1",0.631680643672987,"bias.em"
"2",0.725329826628306,"bias.wls"
