"","bias","note"
"1",-0.151827438722605,"bias.em"
"2",-0.599743845569339,"bias.wls"
