"","bias","note"
"1",-0.41919884614551,"bias.em"
"2",-0.408083179914651,"bias.wls"
