"","bias","note"
"1",0.105781832334542,"bias.em"
"2",0.071688080195783,"bias.wls"
