"","bias","note"
"1",-0.116213773210481,"bias.em"
"2",-0.275165032831792,"bias.wls"
