"","bias","note"
"1",-0.471501689583633,"bias.em"
"2",-0.58292587598461,"bias.wls"
