"","bias","note"
"1",0.173508805086072,"bias.em"
"2",0.20602957272414,"bias.wls"
