"","bias","note"
"1",1.85586885654588,"bias.em"
"2",1.91740356833423,"bias.wls"
