"","bias","note"
"1",0.689952447351453,"bias.em"
"2",0.665054893398145,"bias.wls"
