"","bias","note"
"1",-0.107653161776373,"bias.em"
"2",-0.436756938493685,"bias.wls"
