"","bias","note"
"1",-0.0824241354386378,"bias.em"
"2",-0.101562312400327,"bias.wls"
