"","bias","note"
"1",0.225084222871712,"bias.em"
"2",0.246178869916681,"bias.wls"
