"","bias","note"
"1",-0.836462977010885,"bias.em"
"2",-1.59311394980774,"bias.wls"
