"","bias","note"
"1",0.373640635497993,"bias.em"
"2",0.313794207751847,"bias.wls"
