"","bias","note"
"1",0.17953549799958,"bias.em"
"2",0.192456135602796,"bias.wls"
