"","bias","note"
"1",-0.736714510100413,"bias.em"
"2",-0.766610712088244,"bias.wls"
