"","bias","note"
"1",0.0969204371029543,"bias.em"
"2",0.0699226397319625,"bias.wls"
