"","bias","note"
"1",0.568671826266518,"bias.em"
"2",0.587435150502754,"bias.wls"
