"","bias","note"
"1",-0.0185221826261771,"bias.em"
"2",-0.0185234295554465,"bias.wls"
