"","bias","note"
"1",-0.0119939993392225,"bias.em"
"2",-0.00598188727651964,"bias.wls"
