"","bias","note"
"1",0.0675780755735188,"bias.em"
"2",0.0570371016319309,"bias.wls"
