"","bias","note"
"1",-0.14125734259533,"bias.em"
"2",-0.138248220938271,"bias.wls"
