"","bias","note"
"1",0.0107256720256224,"bias.em"
"2",0.12054226790577,"bias.wls"
