"","bias","note"
"1",0.887740651752139,"bias.em"
"2",0.877745279226127,"bias.wls"
