"","bias","note"
"1",-0.0773997314719644,"bias.em"
"2",0.194515623136987,"bias.wls"
