"","bias","note"
"1",0.270841396239247,"bias.em"
"2",0.225542972205718,"bias.wls"
