"","bias","note"
"1",0.646498641042325,"bias.em"
"2",0.644129123843814,"bias.wls"
