"","bias","note"
"1",-0.259167453177176,"bias.em"
"2",-0.2404998832366,"bias.wls"
