"","bias","note"
"1",0.26780448118787,"bias.em"
"2",0.251223378275292,"bias.wls"
