"","bias","note"
"1",0.134056196819196,"bias.em"
"2",0.0830403097082846,"bias.wls"
