"","bias","note"
"1",-0.186112335768408,"bias.em"
"2",-0.172164534980161,"bias.wls"
