"","bias","note"
"1",0.131678945895219,"bias.em"
"2",0.104912651889062,"bias.wls"
