"","bias","note"
"1",-0.0439260853871184,"bias.em"
"2",-0.0134285643751418,"bias.wls"
