"","bias","note"
"1",1.56178292180907,"bias.em"
"2",1.68965331823135,"bias.wls"
