"","bias","note"
"1",-0.336285728432909,"bias.em"
"2",-0.240731215058145,"bias.wls"
