"","bias","note"
"1",-0.838306551093053,"bias.em"
"2",-1.02101232925698,"bias.wls"
