"","bias","note"
"1",0.513515664456159,"bias.em"
"2",1.1255904360798,"bias.wls"
