"","bias","note"
"1",-1.12944788514686,"bias.em"
"2",-1.17260374312549,"bias.wls"
