"","bias","note"
"1",-0.350237524932028,"bias.em"
"2",-0.276963877216724,"bias.wls"
