"","bias","note"
"1",-0.00391962356217884,"bias.em"
"2",-0.0342955132790493,"bias.wls"
