"","bias","note"
"1",-0.271707347406752,"bias.em"
"2",-0.436870210339371,"bias.wls"
