"","bias","note"
"1",-0.890047891424761,"bias.em"
"2",-0.953381525526592,"bias.wls"
