"","bias","note"
"1",0.557094634687866,"bias.em"
"2",0.591799350792522,"bias.wls"
