"","bias","note"
"1",0.174079563201555,"bias.em"
"2",0.177985830923597,"bias.wls"
