"","bias","note"
"1",0.275777047227092,"bias.em"
"2",0.286254287498952,"bias.wls"
