"","bias","note"
"1",-0.073161303626957,"bias.em"
"2",-0.0872344529205113,"bias.wls"
