"","bias","note"
"1",-0.247702052805592,"bias.em"
"2",-0.295680691459158,"bias.wls"
