"","bias","note"
"1",0.0919293504265593,"bias.em"
"2",0.0627763959774149,"bias.wls"
