"","bias","note"
"1",0.187175576255478,"bias.em"
"2",0.175921842013139,"bias.wls"
