"","bias","note"
"1",-0.025950742674663,"bias.em"
"2",-0.0242339671613769,"bias.wls"
