"","bias","note"
"1",0.168702056590994,"bias.em"
"2",0.158579458549003,"bias.wls"
