"","bias","note"
"1",0.0126575780227679,"bias.em"
"2",0.0339753738647017,"bias.wls"
