"","bias","note"
"1",0.483347296862027,"bias.em"
"2",0.459764721486264,"bias.wls"
