"","bias","note"
"1",-0.386858517457192,"bias.em"
"2",-0.335936893189149,"bias.wls"
