"","bias","note"
"1",0.186935152974843,"bias.em"
"2",0.275598777233313,"bias.wls"
