"","bias","note"
"1",-0.0585839971911053,"bias.em"
"2",-0.0481164108997908,"bias.wls"
