"","bias","note"
"1",0.369857980286454,"bias.em"
"2",0.38021013885649,"bias.wls"
