"","bias","note"
"1",-0.443617785092835,"bias.em"
"2",-0.43863977240442,"bias.wls"
