"","bias","note"
"1",-0.119235426231386,"bias.em"
"2",-0.16378991255628,"bias.wls"
