"","bias","note"
"1",0.370429511661582,"bias.em"
"2",0.400519760310278,"bias.wls"
