"","bias","note"
"1",0.0995124505252857,"bias.em"
"2",0.102675832158475,"bias.wls"
