"","bias","note"
"1",0.106796776129077,"bias.em"
"2",-0.00807506438655392,"bias.wls"
