"","bias","note"
"1",-0.120468351668107,"bias.em"
"2",-0.153953411688831,"bias.wls"
