"","bias","note"
"1",-1.20527071423789,"bias.em"
"2",-1.23514461427925,"bias.wls"
