"","bias","note"
"1",0.20368295436381,"bias.em"
"2",0.201161931842018,"bias.wls"
