"","bias","note"
"1",-0.39840095718108,"bias.em"
"2",-0.450820231170473,"bias.wls"
