"","bias","note"
"1",0.0862376306213625,"bias.em"
"2",-0.709303006415907,"bias.wls"
