"","bias","note"
"1",0.00578255428251807,"bias.em"
"2",0.0159301375016478,"bias.wls"
