"","bias","note"
"1",-0.160908219879536,"bias.em"
"2",-0.524768291626373,"bias.wls"
