"","bias","note"
"1",0.540952168745089,"bias.em"
"2",0.550739992573934,"bias.wls"
