"","bias","note"
"1",-0.193754200220422,"bias.em"
"2",-0.237828277808577,"bias.wls"
