"","bias","note"
"1",0.284446501384881,"bias.em"
"2",0.287457777947051,"bias.wls"
