"","bias","note"
"1",-0.0557693795649651,"bias.em"
"2",-0.0601600697191502,"bias.wls"
