"","bias","note"
"1",0.29945698250765,"bias.em"
"2",0.286393660355938,"bias.wls"
