"","bias","note"
"1",-1.04975290842478,"bias.em"
"2",-1.09556192688618,"bias.wls"
