"","bias","note"
"1",0.72645146009899,"bias.em"
"2",0.652975494137408,"bias.wls"
