"","bias","note"
"1",0.109086390167238,"bias.em"
"2",0.0546516351498184,"bias.wls"
