"","bias","note"
"1",-2.85720127245499,"bias.em"
"2",-2.84942078538359,"bias.wls"
