"","bias","note"
"1",0.0304662078716001,"bias.em"
"2",0.0127877832305546,"bias.wls"
