"","bias","note"
"1",-0.968196846141771,"bias.em"
"2",-1.15002890540279,"bias.wls"
