"","bias","note"
"1",0.00300679227544377,"bias.em"
"2",0.0601551139633167,"bias.wls"
