"","bias","note"
"1",0.37539615384379,"bias.em"
"2",0.363217855464125,"bias.wls"
