"","bias","note"
"1",-0.309883439706515,"bias.em"
"2",-0.316311993142203,"bias.wls"
