"","bias","note"
"1",-0.121609903246823,"bias.em"
"2",-0.117156814078237,"bias.wls"
