"","bias","note"
"1",-0.256407948369455,"bias.em"
"2",-0.267596337968037,"bias.wls"
