"","bias","note"
"1",0.209359775295513,"bias.em"
"2",0.164128588197228,"bias.wls"
