"","bias","note"
"1",0.0430805584903475,"bias.em"
"2",0.00900091532249158,"bias.wls"
