"","bias","note"
"1",-0.25903426763749,"bias.em"
"2",-0.259034588678297,"bias.wls"
