"","bias","note"
"1",-0.0495736469522385,"bias.em"
"2",0.0027088004816962,"bias.wls"
