"","bias","note"
"1",0.0822426063687637,"bias.em"
"2",0.0654060251549879,"bias.wls"
