"","bias","note"
"1",0.341537774497892,"bias.em"
"2",0.338592339812934,"bias.wls"
