"","bias","note"
"1",0.187838228839714,"bias.em"
"2",0.069006013625453,"bias.wls"
