"","bias","note"
"1",-0.439339857039464,"bias.em"
"2",-0.514235829533953,"bias.wls"
