"","bias","note"
"1",-0.543948724892075,"bias.em"
"2",-0.699690109102012,"bias.wls"
