"","bias","note"
"1",0.218539409306267,"bias.em"
"2",0.221926580907255,"bias.wls"
