"","bias","note"
"1",0.295624069119263,"bias.em"
"2",0.305938563933552,"bias.wls"
