"","bias","note"
"1",-0.880645371897123,"bias.em"
"2",-0.969836709120719,"bias.wls"
