"","bias","note"
"1",0.0676669384430139,"bias.em"
"2",0.0470965816332572,"bias.wls"
