"","bias","note"
"1",0.322064674403748,"bias.em"
"2",0.313677460642104,"bias.wls"
