"","bias","note"
"1",0.693747464740807,"bias.em"
"2",0.636210124215656,"bias.wls"
