"","bias","note"
"1",0.926097004170406,"bias.em"
"2",1.01871721150346,"bias.wls"
