"","bias","note"
"1",-0.641429249411493,"bias.em"
"2",-0.73688973787651,"bias.wls"
