"","bias","note"
"1",0.0190178645468096,"bias.em"
"2",0.0407026953382911,"bias.wls"
