"","bias","note"
"1",0.099603045939036,"bias.em"
"2",0.0865637745060453,"bias.wls"
