"","bias","note"
"1",-0.469001059377881,"bias.em"
"2",-0.609058842228966,"bias.wls"
