"","bias","note"
"1",0.350862845391656,"bias.em"
"2",0.302694183951484,"bias.wls"
