"","bias","note"
"1",-1.11609579954919,"bias.em"
"2",-1.15405268752718,"bias.wls"
