"","bias","note"
"1",0.260788131526624,"bias.em"
"2",0.275580049388442,"bias.wls"
