"","bias","note"
"1",0.26390331942833,"bias.em"
"2",0.26909237118975,"bias.wls"
