"","bias","note"
"1",-0.768737977916796,"bias.em"
"2",-0.862778909405758,"bias.wls"
