"","bias","note"
"1",-0.107460506427417,"bias.em"
"2",-0.112223871152883,"bias.wls"
