"","bias","note"
"1",0.0984132002567548,"bias.em"
"2",0.127581744986032,"bias.wls"
