"","bias","note"
"1",-0.111726108252787,"bias.em"
"2",-0.134896995271731,"bias.wls"
