"","bias","note"
"1",-0.522260074186023,"bias.em"
"2",-0.513907842006421,"bias.wls"
