"","bias","note"
"1",0.0832268652209644,"bias.em"
"2",0.161262082558092,"bias.wls"
