"","bias","note"
"1",0.451098590566538,"bias.em"
"2",0.348069826266499,"bias.wls"
