"","bias","note"
"1",0.805728324935701,"bias.em"
"2",1.07195241413672,"bias.wls"
