"","bias","note"
"1",-0.0226385545076261,"bias.em"
"2",-0.0609270140013915,"bias.wls"
