"","bias","note"
"1",0.120767163913514,"bias.em"
"2",0.142468527191103,"bias.wls"
