"","bias","note"
"1",-0.291585593648592,"bias.em"
"2",-0.280926475636428,"bias.wls"
