"","bias","note"
"1",-0.171493446240708,"bias.em"
"2",-0.14892654243709,"bias.wls"
