"","bias","note"
"1",4.39548789978386,"bias.em"
"2",4.47010969284695,"bias.wls"
