"","bias","note"
"1",0.0141636836238066,"bias.em"
"2",0.0292642086151298,"bias.wls"
