"","bias","note"
"1",0.551207251141764,"bias.em"
"2",0.193463914928138,"bias.wls"
