"","bias","note"
"1",-0.21533823287265,"bias.em"
"2",-0.286557456175509,"bias.wls"
