"","bias","note"
"1",0.147754209202895,"bias.em"
"2",0.430241092313982,"bias.wls"
