"","bias","note"
"1",-0.298950822533103,"bias.em"
"2",-0.257602966636087,"bias.wls"
