"","bias","note"
"1",-0.334125614248944,"bias.em"
"2",-0.334123543962773,"bias.wls"
