"","bias","note"
"1",-0.00398336410526598,"bias.em"
"2",-0.0286251461806293,"bias.wls"
