"","bias","note"
"1",-0.180929407649969,"bias.em"
"2",-0.149942406552349,"bias.wls"
