"","bias","note"
"1",0.11148697462066,"bias.em"
"2",0.0383107051467564,"bias.wls"
