"","bias","note"
"1",-0.330795249825408,"bias.em"
"2",-0.400440189031776,"bias.wls"
