"","bias","note"
"1",0.539337255008399,"bias.em"
"2",0.306762309113267,"bias.wls"
