"","bias","note"
"1",1.72360279549687,"bias.em"
"2",1.7427311017238,"bias.wls"
