"","bias","note"
"1",-0.402461302412141,"bias.em"
"2",-0.380209797066526,"bias.wls"
