"","bias","note"
"1",-0.343807514533865,"bias.em"
"2",-0.323959873940659,"bias.wls"
