"","bias","note"
"1",0.0681315985016296,"bias.em"
"2",0.44033647854878,"bias.wls"
