"","bias","note"
"1",0.341724223390983,"bias.em"
"2",0.371265034433626,"bias.wls"
