"","bias","note"
"1",-0.0241639245543494,"bias.em"
"2",-0.0164679130560884,"bias.wls"
