"","bias","note"
"1",-0.180204634530625,"bias.em"
"2",-0.190157896079353,"bias.wls"
