"","bias","note"
"1",0.0321969006603117,"bias.em"
"2",0.0171240420283685,"bias.wls"
