"","bias","note"
"1",0.0256037635278519,"bias.em"
"2",0.0106994312637597,"bias.wls"
