"","bias","note"
"1",0.377433472842088,"bias.em"
"2",0.588669061814691,"bias.wls"
