"","bias","note"
"1",0.139064757768332,"bias.em"
"2",0.188324607019919,"bias.wls"
