"","bias","note"
"1",0.193159985128877,"bias.em"
"2",-0.193770603026955,"bias.wls"
