"","bias","note"
"1",0.0414794547077462,"bias.em"
"2",0.0414756336676608,"bias.wls"
