"","bias","note"
"1",-0.153212946718874,"bias.em"
"2",-0.0799869831633649,"bias.wls"
