"","bias","note"
"1",0.512026546344756,"bias.em"
"2",0.51369938156458,"bias.wls"
