"","bias","note"
"1",-0.513840937065558,"bias.em"
"2",-0.534799943611534,"bias.wls"
