"","bias","note"
"1",-0.216078235000114,"bias.em"
"2",-0.208914816990114,"bias.wls"
