"","bias","note"
"1",0.310838060564017,"bias.em"
"2",0.341726285899259,"bias.wls"
