"","bias","note"
"1",0.137488984279856,"bias.em"
"2",0.0739188803278236,"bias.wls"
