"","bias","note"
"1",-0.162668794280502,"bias.em"
"2",-0.211625464683886,"bias.wls"
