"","bias","note"
"1",0.528674565282764,"bias.em"
"2",0.530441977568608,"bias.wls"
