"","bias","note"
"1",-0.217616772092112,"bias.em"
"2",-0.227540604173284,"bias.wls"
