"","bias","note"
"1",-0.0348766604723592,"bias.em"
"2",-0.0815051063492501,"bias.wls"
