"","bias","note"
"1",-0.36452114246697,"bias.em"
"2",-0.543906297090789,"bias.wls"
