"","bias","note"
"1",0.1457618126367,"bias.em"
"2",0.140377907413445,"bias.wls"
