"","bias","note"
"1",-0.763745406240793,"bias.em"
"2",-0.736648521585489,"bias.wls"
