"","bias","note"
"1",0.319766725352643,"bias.em"
"2",0.305614260517934,"bias.wls"
