"","bias","note"
"1",-0.205074278982156,"bias.em"
"2",-0.243453228110935,"bias.wls"
