"","bias","note"
"1",0.243803538327579,"bias.em"
"2",0.22887073711716,"bias.wls"
