"","bias","note"
"1",-0.038458370595664,"bias.em"
"2",-0.0588008565273978,"bias.wls"
