"","bias","note"
"1",-0.0623090414414898,"bias.em"
"2",-0.0856019222485283,"bias.wls"
