"","bias","note"
"1",-0.0230414479470257,"bias.em"
"2",-0.0466289490473041,"bias.wls"
