"","bias","note"
"1",-0.135816587297225,"bias.em"
"2",-0.0764883882574923,"bias.wls"
