"","bias","note"
"1",0.145911916159591,"bias.em"
"2",0.0871802456268666,"bias.wls"
