"","bias","note"
"1",0.0121774043830242,"bias.em"
"2",0.0157631837332776,"bias.wls"
