"","bias","note"
"1",-0.0893653740276104,"bias.em"
"2",-0.186271007597603,"bias.wls"
