"","bias","note"
"1",0.061634661090905,"bias.em"
"2",0.0616365716476179,"bias.wls"
