"","bias","note"
"1",-0.164344946418615,"bias.em"
"2",-0.131090225062332,"bias.wls"
