"","bias","note"
"1",0.795588627654561,"bias.em"
"2",0.585884550625149,"bias.wls"
