"","bias","note"
"1",0.186886999832576,"bias.em"
"2",0.162080097685469,"bias.wls"
