"","bias","note"
"1",-0.600488692203764,"bias.em"
"2",-0.624197575629181,"bias.wls"
