"","bias","note"
"1",-0.0193959938383081,"bias.em"
"2",-0.00528478306189649,"bias.wls"
