"","bias","note"
"1",0.130144423477913,"bias.em"
"2",0.0491753768842143,"bias.wls"
