"","bias","note"
"1",0.163322479092384,"bias.em"
"2",0.187127428074884,"bias.wls"
