"","bias","note"
"1",0.294080547387902,"bias.em"
"2",0.247986788383468,"bias.wls"
