"","bias","note"
"1",0.151700596997538,"bias.em"
"2",0.130392791141788,"bias.wls"
