"","bias","note"
"1",0.353102412738396,"bias.em"
"2",0.305312136453658,"bias.wls"
