"","bias","note"
"1",0.16649919021248,"bias.em"
"2",-0.0470435371497153,"bias.wls"
