"","bias","note"
"1",-0.00317065827340003,"bias.em"
"2",-0.24339914940501,"bias.wls"
