"","bias","note"
"1",-0.0691516176628167,"bias.em"
"2",-0.0668297731065203,"bias.wls"
