"","bias","note"
"1",-0.0457636827296542,"bias.em"
"2",-0.0753613471484426,"bias.wls"
