"","bias","note"
"1",-0.797093274493686,"bias.em"
"2",-0.941806627788727,"bias.wls"
