"","bias","note"
"1",-0.0205382835858831,"bias.em"
"2",-0.0456500618192661,"bias.wls"
