"","bias","note"
"1",-0.231330867269232,"bias.em"
"2",-0.258729406506675,"bias.wls"
