"","bias","note"
"1",0.343495613502957,"bias.em"
"2",0.328550757331106,"bias.wls"
