"","bias","note"
"1",1.06413216631382,"bias.em"
"2",1.09496250580416,"bias.wls"
