"","bias","note"
"1",-0.0764755484150258,"bias.em"
"2",-0.149811791860134,"bias.wls"
