"","bias","note"
"1",-0.141690332632106,"bias.em"
"2",-0.291093951831253,"bias.wls"
