"","bias","note"
"1",0.083789173702653,"bias.em"
"2",0.0707775836287741,"bias.wls"
