"","bias","note"
"1",0.084404928047672,"bias.em"
"2",0.211444596509723,"bias.wls"
