"","bias","note"
"1",0.259337131929513,"bias.em"
"2",0.2494087562376,"bias.wls"
