"","bias","note"
"1",0.234546554540474,"bias.em"
"2",0.331277186461005,"bias.wls"
