"","bias","note"
"1",-0.195088218654876,"bias.em"
"2",-0.260185187342673,"bias.wls"
