"","bias","note"
"1",-0.0576252604716066,"bias.em"
"2",-0.182695054219371,"bias.wls"
