"","bias","note"
"1",0.267966313390803,"bias.em"
"2",0.267966586365392,"bias.wls"
