"","bias","note"
"1",-0.227565378166706,"bias.em"
"2",-0.241663661648052,"bias.wls"
