"","bias","note"
"1",0.593153081683956,"bias.em"
"2",0.580762332839884,"bias.wls"
