"","bias","note"
"1",0.418486240730691,"bias.em"
"2",0.0320366062536713,"bias.wls"
