"","bias","note"
"1",-0.349493180270801,"bias.em"
"2",-0.334112031324867,"bias.wls"
