"","bias","note"
"1",0.0385792428237592,"bias.em"
"2",0.0460695782212508,"bias.wls"
