"","bias","note"
"1",0.492090223769079,"bias.em"
"2",0.500039770580745,"bias.wls"
