"","bias","note"
"1",-0.184288744288648,"bias.em"
"2",-0.205709977791141,"bias.wls"
