"","bias","note"
"1",0.275763739278612,"bias.em"
"2",0.238584467306284,"bias.wls"
