"","bias","note"
"1",0.21084515391378,"bias.em"
"2",0.251103158096636,"bias.wls"
