"","bias","note"
"1",-0.113053419772441,"bias.em"
"2",0.255665634740177,"bias.wls"
