"","bias","note"
"1",0.161382949178343,"bias.em"
"2",0.161279624142202,"bias.wls"
