"","bias","note"
"1",-0.0397646597127467,"bias.em"
"2",-0.0252011094432646,"bias.wls"
