"","bias","note"
"1",-0.154651469401537,"bias.em"
"2",-0.153354832125659,"bias.wls"
