"","bias","note"
"1",0.113345324597078,"bias.em"
"2",0.119386666301868,"bias.wls"
