"","bias","note"
"1",-0.0301762868341997,"bias.em"
"2",-0.0457035855750146,"bias.wls"
