"","bias","note"
"1",-0.0247651657713635,"bias.em"
"2",-0.0162556872984615,"bias.wls"
