"","bias","note"
"1",0.260844638399684,"bias.em"
"2",0.217458241912725,"bias.wls"
