"","bias","note"
"1",0.0015996999968799,"bias.em"
"2",-0.0521371036892853,"bias.wls"
