"","bias","note"
"1",-0.00333625465475084,"bias.em"
"2",0.00353044577808586,"bias.wls"
