"","bias","note"
"1",0.292960328566584,"bias.em"
"2",0.26481454890389,"bias.wls"
