"","bias","note"
"1",-0.207348491265194,"bias.em"
"2",-0.212471145705272,"bias.wls"
