"","bias","note"
"1",-0.0896326834500111,"bias.em"
"2",-0.0944382880109339,"bias.wls"
