"","bias","note"
"1",0.0381609335274824,"bias.em"
"2",0.0709694678075864,"bias.wls"
