"","bias","note"
"1",0.852778003310456,"bias.em"
"2",0.842877443856377,"bias.wls"
