"","bias","note"
"1",-0.262727815714475,"bias.em"
"2",-0.245865390861647,"bias.wls"
