"","bias","note"
"1",-0.0713998863074349,"bias.em"
"2",-0.0719770349997758,"bias.wls"
