"","bias","note"
"1",0.296343005404784,"bias.em"
"2",0.305949919925219,"bias.wls"
