"","bias","note"
"1",-0.137326741150462,"bias.em"
"2",-0.134860020883206,"bias.wls"
