"","bias","note"
"1",0.150627654233793,"bias.em"
"2",0.165613245068014,"bias.wls"
