"","bias","note"
"1",-0.142025461845445,"bias.em"
"2",-0.120816880957154,"bias.wls"
