"","bias","note"
"1",-0.252241359888422,"bias.em"
"2",-0.142444708304157,"bias.wls"
