"","bias","note"
"1",-0.135126376233871,"bias.em"
"2",-0.0979049136298518,"bias.wls"
