"","bias","note"
"1",0.185540646593795,"bias.em"
"2",0.187402787143932,"bias.wls"
