"","bias","note"
"1",2.06538291851537,"bias.em"
"2",2.16618296310104,"bias.wls"
