"","bias","note"
"1",-0.158617873194574,"bias.em"
"2",-0.156596563992659,"bias.wls"
