"","bias","note"
"1",0.795246143857852,"bias.em"
"2",0.818906714331579,"bias.wls"
