"","bias","note"
"1",0.298516141061933,"bias.em"
"2",0.306191747261789,"bias.wls"
