"","bias","note"
"1",-0.0535783773977914,"bias.em"
"2",-0.0959590107332214,"bias.wls"
