"","bias","note"
"1",-0.208775488145237,"bias.em"
"2",-0.199047724034452,"bias.wls"
