"","bias","note"
"1",-0.133993396824004,"bias.em"
"2",-0.16327467644772,"bias.wls"
