"","bias","note"
"1",0.75034757806985,"bias.em"
"2",0.816954043918549,"bias.wls"
