"","bias","note"
"1",-0.186828166180992,"bias.em"
"2",-0.173002344345587,"bias.wls"
