"","bias","note"
"1",-0.704464043644008,"bias.em"
"2",-0.670628505013098,"bias.wls"
