"","bias","note"
"1",0.0713486874529773,"bias.em"
"2",0.183490905792471,"bias.wls"
