"","bias","note"
"1",0.28253131135675,"bias.em"
"2",0.302036012560155,"bias.wls"
