"","bias","note"
"1",0.150717685473587,"bias.em"
"2",0.151392759444936,"bias.wls"
