"","bias","note"
"1",-0.21381948662431,"bias.em"
"2",-0.225650185038275,"bias.wls"
