"","bias","note"
"1",0.407884414323669,"bias.em"
"2",0.509834634092837,"bias.wls"
