"","bias","note"
"1",0.192191330289609,"bias.em"
"2",0.181510246092338,"bias.wls"
