"","bias","note"
"1",0.175470207051411,"bias.em"
"2",0.110269359323575,"bias.wls"
