"","bias","note"
"1",-0.13564096872898,"bias.em"
"2",-0.148522957323853,"bias.wls"
