"","bias","note"
"1",0.738953630765938,"bias.em"
"2",0.571212276536408,"bias.wls"
