"","bias","note"
"1",0.228733881422876,"bias.em"
"2",0.177231726679661,"bias.wls"
