"","bias","note"
"1",-0.105973786043547,"bias.em"
"2",-0.123996404304954,"bias.wls"
