"","bias","note"
"1",0.226775048544696,"bias.em"
"2",0.224875942925791,"bias.wls"
