"","bias","note"
"1",0.0133369078128636,"bias.em"
"2",0.276135388261084,"bias.wls"
