"","bias","note"
"1",0.570185047852784,"bias.em"
"2",0.569955250872607,"bias.wls"
