"","bias","note"
"1",-0.480546615732627,"bias.em"
"2",-0.488672395353929,"bias.wls"
