"","bias","note"
"1",0.322415641798247,"bias.em"
"2",0.293361055165069,"bias.wls"
