"","bias","note"
"1",0.0969544041474766,"bias.em"
"2",0.0431626543921788,"bias.wls"
