"","bias","note"
"1",0.0265038632913902,"bias.em"
"2",0.014673583208587,"bias.wls"
