"","bias","note"
"1",0.33975093594435,"bias.em"
"2",0.234539565867369,"bias.wls"
