"","bias","note"
"1",0.304374233457357,"bias.em"
"2",0.294877335697218,"bias.wls"
