"","bias","note"
"1",0.243563173697894,"bias.em"
"2",0.269973929003562,"bias.wls"
