"","bias","note"
"1",0.049013549067711,"bias.em"
"2",0.0323596712680012,"bias.wls"
