"","bias","note"
"1",-0.507434898190098,"bias.em"
"2",-0.499833717763829,"bias.wls"
