"","bias","note"
"1",-0.192251477007953,"bias.em"
"2",-0.163254491893772,"bias.wls"
