"","bias","note"
"1",-0.29866324698346,"bias.em"
"2",-0.304076816416223,"bias.wls"
