"","bias","note"
"1",0.265856470602327,"bias.em"
"2",0.275818330452186,"bias.wls"
