"","bias","note"
"1",0.242516535233801,"bias.em"
"2",0.225042679150962,"bias.wls"
