"","bias","note"
"1",0.0141418975750488,"bias.em"
"2",0.0165567017430231,"bias.wls"
