"","bias","note"
"1",0.205440040921758,"bias.em"
"2",0.218250769120874,"bias.wls"
