"","bias","note"
"1",1.02474726491091,"bias.em"
"2",1.10656770099135,"bias.wls"
