"","bias","note"
"1",-0.467202373967491,"bias.em"
"2",-0.493179141851981,"bias.wls"
