"","bias","note"
"1",0.3657123085229,"bias.em"
"2",-0.0179485309844073,"bias.wls"
