"","bias","note"
"1",0.135794407548633,"bias.em"
"2",0.115626411736874,"bias.wls"
