"","bias","note"
"1",0.0703672743060298,"bias.em"
"2",0.0715859439922882,"bias.wls"
