"","bias","note"
"1",0.142299838806548,"bias.em"
"2",0.140052421262881,"bias.wls"
