"","bias","note"
"1",0.11037393225046,"bias.em"
"2",0.0742132014027826,"bias.wls"
