"","bias","note"
"1",-0.539440665669174,"bias.em"
"2",-0.595611466654195,"bias.wls"
