"","bias","note"
"1",1.86305295148663,"bias.em"
"2",1.98743908448647,"bias.wls"
