"","bias","note"
"1",0.153165586379804,"bias.em"
"2",0.169642702059785,"bias.wls"
