"","bias","note"
"1",0.838740561659693,"bias.em"
"2",0.852785348778796,"bias.wls"
