"","bias","note"
"1",-0.0694461486007102,"bias.em"
"2",-0.0859720977049874,"bias.wls"
