"","bias","note"
"1",-0.217123660444866,"bias.em"
"2",-0.208383570280139,"bias.wls"
