"","bias","note"
"1",0.192767916900098,"bias.em"
"2",0.184054253751591,"bias.wls"
