"","bias","note"
"1",-0.0193483820817097,"bias.em"
"2",-0.0704346572779165,"bias.wls"
