"","bias","note"
"1",0.860511251189215,"bias.em"
"2",0.860511611871345,"bias.wls"
