"","bias","note"
"1",0.49869766210358,"bias.em"
"2",0.478608717706624,"bias.wls"
