"","bias","note"
"1",-0.165504067129079,"bias.em"
"2",-0.158698370345325,"bias.wls"
