"","bias","note"
"1",0.0036886835404911,"bias.em"
"2",0.0312391511209418,"bias.wls"
