"","bias","note"
"1",-0.0452829048042742,"bias.em"
"2",-0.0485535179860791,"bias.wls"
