"","bias","note"
"1",0.29585111283123,"bias.em"
"2",0.2602671109943,"bias.wls"
