"","bias","note"
"1",-0.0156722566499443,"bias.em"
"2",-0.172814799614128,"bias.wls"
