"","bias","note"
"1",0.186408424379646,"bias.em"
"2",0.169783358780392,"bias.wls"
