"","bias","note"
"1",-0.272732019049508,"bias.em"
"2",-0.253365748706282,"bias.wls"
