"","bias","note"
"1",-0.197822815342902,"bias.em"
"2",-0.153362760166415,"bias.wls"
