"","bias","note"
"1",0.31528494590414,"bias.em"
"2",0.314491785968196,"bias.wls"
