"","bias","note"
"1",-0.00767505482244492,"bias.em"
"2",-0.000561295642175405,"bias.wls"
