"","bias","note"
"1",0.105921221364018,"bias.em"
"2",0.0118444619447764,"bias.wls"
