"","bias","note"
"1",-0.588156932776321,"bias.em"
"2",-0.619359041958095,"bias.wls"
