"","bias","note"
"1",0.267554824866346,"bias.em"
"2",0.232842081611312,"bias.wls"
