"","bias","note"
"1",-0.13175280941118,"bias.em"
"2",-0.146343359534838,"bias.wls"
