"","bias","note"
"1",0.0455610248812349,"bias.em"
"2",-0.148420102645608,"bias.wls"
