"","bias","note"
"1",0.226134254091588,"bias.em"
"2",0.25814515066538,"bias.wls"
