"","bias","note"
"1",0.844584604312109,"bias.em"
"2",0.903718591075164,"bias.wls"
