"","bias","note"
"1",-0.0786104786816332,"bias.em"
"2",-0.102751209536062,"bias.wls"
