"","bias","note"
"1",0.0613384892921952,"bias.em"
"2",0.0884080031852209,"bias.wls"
