"","bias","note"
"1",-0.0130230548179618,"bias.em"
"2",-0.0671364843297456,"bias.wls"
