"","bias","note"
"1",0.378589264937686,"bias.em"
"2",0.311946385098754,"bias.wls"
