"","bias","note"
"1",0.367387255340945,"bias.em"
"2",0.294871561734721,"bias.wls"
