"","bias","note"
"1",0.864989355393918,"bias.em"
"2",0.828103536917149,"bias.wls"
