"","bias","note"
"1",-0.27847030134391,"bias.em"
"2",-0.302931949976277,"bias.wls"
