"","bias","note"
"1",-0.347206429431433,"bias.em"
"2",-0.360219159294436,"bias.wls"
