"","bias","note"
"1",-0.924127519076275,"bias.em"
"2",-0.90558136238513,"bias.wls"
