"","bias","note"
"1",0.169517273594697,"bias.em"
"2",0.169518052236421,"bias.wls"
