"","bias","note"
"1",0.155950504875857,"bias.em"
"2",0.199852608533652,"bias.wls"
