"","bias","note"
"1",-0.154134759887588,"bias.em"
"2",-0.0955860199903906,"bias.wls"
