"","bias","note"
"1",-0.271255022495856,"bias.em"
"2",-0.284320051445309,"bias.wls"
