"","bias","note"
"1",1.55155025394969,"bias.em"
"2",1.62065466068224,"bias.wls"
