"","bias","note"
"1",-0.354829289403091,"bias.em"
"2",-0.376590840976172,"bias.wls"
