"","bias","note"
"1",0.257599459323569,"bias.em"
"2",0.184594545819142,"bias.wls"
