"","bias","note"
"1",-0.199449513912332,"bias.em"
"2",-0.197348609018008,"bias.wls"
