"","bias","note"
"1",-0.821526121411948,"bias.em"
"2",-0.955055038506889,"bias.wls"
