"","bias","note"
"1",-0.82588174192128,"bias.em"
"2",-0.826133092754577,"bias.wls"
