"","bias","note"
"1",0.240428510244059,"bias.em"
"2",0.266970402093685,"bias.wls"
