"","bias","note"
"1",0.127820867410649,"bias.em"
"2",0.132257122972444,"bias.wls"
