"","bias","note"
"1",-0.339223714910082,"bias.em"
"2",-0.380347806679087,"bias.wls"
