"","bias","note"
"1",2.02066888035497,"bias.em"
"2",2.14778320332313,"bias.wls"
