"","bias","note"
"1",0.281027549623638,"bias.em"
"2",0.264984710761531,"bias.wls"
