"","bias","note"
"1",-0.499694789675756,"bias.em"
"2",-0.595404095045644,"bias.wls"
