"","bias","note"
"1",-0.567842732297104,"bias.em"
"2",-0.601953729830748,"bias.wls"
