"","bias","note"
"1",0.125410939283658,"bias.em"
"2",0.125411497625279,"bias.wls"
