"","bias","note"
"1",0.66105855458878,"bias.em"
"2",0.615006225158453,"bias.wls"
