"","bias","note"
"1",-0.0417579929749348,"bias.em"
"2",-0.252202428066586,"bias.wls"
