"","bias","note"
"1",0.752197870057481,"bias.em"
"2",0.737814892237718,"bias.wls"
