"","bias","note"
"1",0.408783878656319,"bias.em"
"2",0.429199174903889,"bias.wls"
