"","bias","note"
"1",0.0304228647350818,"bias.em"
"2",-0.00117284837299266,"bias.wls"
