"","bias","note"
"1",-0.00454801362147127,"bias.em"
"2",-0.0335285537279942,"bias.wls"
