"","bias","note"
"1",-0.264617873175965,"bias.em"
"2",-0.285588654120768,"bias.wls"
