"","bias","note"
"1",-0.46400185572775,"bias.em"
"2",-0.493363465590139,"bias.wls"
