"","bias","note"
"1",-0.194792149148368,"bias.em"
"2",-0.223381685247729,"bias.wls"
