"","bias","note"
"1",2.58473618727072,"bias.em"
"2",2.3601291224839,"bias.wls"
