"","bias","note"
"1",-0.338952217152674,"bias.em"
"2",-0.357354950480117,"bias.wls"
