"","bias","note"
"1",-0.0181124647286784,"bias.em"
"2",-0.0262266023740797,"bias.wls"
