"","bias","note"
"1",-0.0652318983046307,"bias.em"
"2",-0.101289079815554,"bias.wls"
