"","bias","note"
"1",0.419817630048535,"bias.em"
"2",0.287469489139967,"bias.wls"
