"","bias","note"
"1",0.0479717995255257,"bias.em"
"2",0.384810886742697,"bias.wls"
