"","bias","note"
"1",-0.103141954650525,"bias.em"
"2",-0.219454688430763,"bias.wls"
