"","bias","note"
"1",-0.0290935923122705,"bias.em"
"2",-0.197252410963962,"bias.wls"
