"","bias","note"
"1",0.0238806502406712,"bias.em"
"2",0.0174196676958776,"bias.wls"
