"","bias","note"
"1",-0.0685127649148033,"bias.em"
"2",3.23664285575573,"bias.wls"
