"","bias","note"
"1",0.0264697607962748,"bias.em"
"2",-0.724478585320045,"bias.wls"
