"","bias","note"
"1",-0.0537166569605662,"bias.em"
"2",-0.151163219519176,"bias.wls"
