"","bias","note"
"1",0.700889875581187,"bias.em"
"2",0.763871889119411,"bias.wls"
