"","bias","note"
"1",0.0315021349593723,"bias.em"
"2",0.103331529149641,"bias.wls"
