"","bias","note"
"1",-0.0653159003106124,"bias.em"
"2",0.23993475837745,"bias.wls"
