"","bias","note"
"1",-0.0369036422525688,"bias.em"
"2",-0.0369002059595324,"bias.wls"
