"","bias","note"
"1",0.128116512362099,"bias.em"
"2",0.144075019626217,"bias.wls"
