"","bias","note"
"1",-0.218635963765272,"bias.em"
"2",-0.264218211067669,"bias.wls"
