"","bias","note"
"1",-0.0870682669921209,"bias.em"
"2",-0.0927822538841251,"bias.wls"
