"","bias","note"
"1",-0.0355762391600765,"bias.em"
"2",0.0121022488105716,"bias.wls"
