"","bias","note"
"1",0.0519780681999383,"bias.em"
"2",0.0515298932571661,"bias.wls"
