"","bias","note"
"1",-0.00663176199852231,"bias.em"
"2",-0.006664928538453,"bias.wls"
