"","bias","note"
"1",-0.0741642519587192,"bias.em"
"2",-0.142059665316874,"bias.wls"
