"","bias","note"
"1",-0.0148015818494276,"bias.em"
"2",-1.0403477834746,"bias.wls"
