"","bias","note"
"1",-0.0436616661152671,"bias.em"
"2",-0.0523114363291098,"bias.wls"
