"","bias","note"
"1",-0.0958690205503034,"bias.em"
"2",-0.102121686020283,"bias.wls"
