"","bias","note"
"1",-0.155138876144258,"bias.em"
"2",-0.447135650493262,"bias.wls"
