"","bias","note"
"1",0.0757844732199364,"bias.em"
"2",3.23150105204263,"bias.wls"
