"","bias","note"
"1",0.291409578698236,"bias.em"
"2",0.36247419117979,"bias.wls"
