"","bias","note"
"1",-0.041162015363835,"bias.em"
"2",-0.0414402534978514,"bias.wls"
