"","bias","note"
"1",-0.00275315521188009,"bias.em"
"2",-0.823115403618502,"bias.wls"
