"","bias","note"
"1",0.138073718723778,"bias.em"
"2",0.201924645114584,"bias.wls"
