"","bias","note"
"1",-0.102075337511915,"bias.em"
"2",0.102184912389844,"bias.wls"
