"","bias","note"
"1",-0.28276676750613,"bias.em"
"2",-0.578106687024637,"bias.wls"
