"","bias","note"
"1",0.296520943303848,"bias.em"
"2",1.50708185174799,"bias.wls"
