"","bias","note"
"1",-0.00448278373204315,"bias.em"
"2",-0.0160787469518075,"bias.wls"
