"","bias","note"
"1",-0.0247212366078957,"bias.em"
"2",-0.00929471803143388,"bias.wls"
