"","bias","note"
"1",0.161031375619349,"bias.em"
"2",0.147991358474817,"bias.wls"
