"","bias","note"
"1",-0.119190012937231,"bias.em"
"2",-0.0769057582816361,"bias.wls"
