"","bias","note"
"1",0.240130107896686,"bias.em"
"2",0.246480506927161,"bias.wls"
