"","bias","note"
"1",0.440294320343975,"bias.em"
"2",-0.470311745460091,"bias.wls"
