"","bias","note"
"1",-0.0972309886313158,"bias.em"
"2",-0.111600374500847,"bias.wls"
