"","bias","note"
"1",0.144389727243834,"bias.em"
"2",2.93707139561605,"bias.wls"
