"","bias","note"
"1",0.157793539142167,"bias.em"
"2",0.140170309974503,"bias.wls"
