"","bias","note"
"1",-0.0790993338697122,"bias.em"
"2",-0.102166446138347,"bias.wls"
