"","bias","note"
"1",-0.00475176141675453,"bias.em"
"2",0.00398192032662783,"bias.wls"
