"","bias","note"
"1",-0.104540983873729,"bias.em"
"2",-0.193419724490905,"bias.wls"
