"","bias","note"
"1",-0.0148104164724441,"bias.em"
"2",-0.400573705791555,"bias.wls"
