"","bias","note"
"1",-0.0424910649385226,"bias.em"
"2",-0.0425069530392991,"bias.wls"
