"","bias","note"
"1",0.0605367505812557,"bias.em"
"2",0.047285360992287,"bias.wls"
