"","bias","note"
"1",-0.018654705640556,"bias.em"
"2",0.182616313653639,"bias.wls"
