"","bias","note"
"1",0.114671128507796,"bias.em"
"2",0.144129821996103,"bias.wls"
