"","bias","note"
"1",0.440285166526657,"bias.em"
"2",0.262259022823793,"bias.wls"
