"","bias","note"
"1",0.142471884420321,"bias.em"
"2",0.142491565525511,"bias.wls"
