"","bias","note"
"1",-0.0143134707738754,"bias.em"
"2",-0.0318652628366301,"bias.wls"
