"","bias","note"
"1",0.724502748811596,"bias.em"
"2",0.704191435748733,"bias.wls"
