"","bias","note"
"1",-0.0442904185039925,"bias.em"
"2",-1.4577458255617,"bias.wls"
