"","bias","note"
"1",-0.175088534783053,"bias.em"
"2",-0.143756523780735,"bias.wls"
