"","bias","note"
"1",-0.186840401191316,"bias.em"
"2",-0.141242577178186,"bias.wls"
