"","bias","note"
"1",-0.0865608001564041,"bias.em"
"2",-0.0865607496513054,"bias.wls"
