"","bias","note"
"1",-0.695192691003513,"bias.em"
"2",-2.82834309504798,"bias.wls"
