"","bias","note"
"1",-0.160766693457261,"bias.em"
"2",-0.152730441749236,"bias.wls"
