"","bias","note"
"1",0.269582221068803,"bias.em"
"2",0.24724418413279,"bias.wls"
