"","bias","note"
"1",-0.0355260553403067,"bias.em"
"2",0.00768336503715764,"bias.wls"
