"","bias","note"
"1",-0.0314466973994392,"bias.em"
"2",0.35840182385456,"bias.wls"
