"","bias","note"
"1",0.0184155192448811,"bias.em"
"2",-3.21310617726095,"bias.wls"
