"","bias","note"
"1",-0.0612666319539881,"bias.em"
"2",-0.188968529478663,"bias.wls"
