"","bias","note"
"1",-0.0860910302826405,"bias.em"
"2",-0.115677795719932,"bias.wls"
