"","bias","note"
"1",0.0435094965881679,"bias.em"
"2",0.0321021478211267,"bias.wls"
