"","bias","note"
"1",0.0134464573688744,"bias.em"
"2",-0.0249638945842072,"bias.wls"
