"","bias","note"
"1",-0.0250946294001879,"bias.em"
"2",-1.45804729872468,"bias.wls"
