"","bias","note"
"1",-0.0571672653769549,"bias.em"
"2",-0.0640940562070007,"bias.wls"
