"","bias","note"
"1",-0.05699785714904,"bias.em"
"2",-0.141957488917247,"bias.wls"
