"","bias","note"
"1",-0.0409559663232752,"bias.em"
"2",-0.512680253325991,"bias.wls"
