"","bias","note"
"1",0.0407972396099351,"bias.em"
"2",-0.582163621856567,"bias.wls"
