"","bias","note"
"1",-0.243951298393972,"bias.em"
"2",-0.22673077353935,"bias.wls"
