"","bias","note"
"1",-0.0470238458381774,"bias.em"
"2",0.165027676894392,"bias.wls"
