"","bias","note"
"1",0.126623351758258,"bias.em"
"2",0.0850344033074068,"bias.wls"
