"","bias","note"
"1",-0.519093187656136,"bias.em"
"2",-0.625023103711804,"bias.wls"
