"","bias","note"
"1",0.0659979323120518,"bias.em"
"2",0.159956176532085,"bias.wls"
