"","bias","note"
"1",0.0860078095800229,"bias.em"
"2",-0.0370999341797861,"bias.wls"
