"","bias","note"
"1",0.116540187048663,"bias.em"
"2",0.172060465206265,"bias.wls"
