"","bias","note"
"1",0.036810282029972,"bias.em"
"2",0.0267227390737167,"bias.wls"
