"","bias","note"
"1",-0.052683783978057,"bias.em"
"2",-0.093684667589139,"bias.wls"
