"","bias","note"
"1",-0.0049500459322182,"bias.em"
"2",0.900525550112244,"bias.wls"
