"","bias","note"
"1",0.110706866443511,"bias.em"
"2",0.695959677536091,"bias.wls"
