"","bias","note"
"1",-0.188305839014014,"bias.em"
"2",-0.703709110747602,"bias.wls"
