"","bias","note"
"1",-0.223984061713652,"bias.em"
"2",-0.276992230615644,"bias.wls"
