"","bias","note"
"1",0.528620120228626,"bias.em"
"2",4.90301619724627,"bias.wls"
