"","bias","note"
"1",-0.0960212467231784,"bias.em"
"2",-0.0959660745041681,"bias.wls"
