"","bias","note"
"1",-0.408676625677116,"bias.em"
"2",-0.31747903992269,"bias.wls"
