"","bias","note"
"1",0.257679612057307,"bias.em"
"2",0.42126821159384,"bias.wls"
