"","bias","note"
"1",-0.126204391995556,"bias.em"
"2",-0.0939805416489119,"bias.wls"
