"","bias","note"
"1",-0.532500672010204,"bias.em"
"2",-0.695879693147111,"bias.wls"
