"","bias","note"
"1",0.247835076063882,"bias.em"
"2",0.467634444955968,"bias.wls"
