"","bias","note"
"1",-0.305484994842362,"bias.em"
"2",-0.500985215863248,"bias.wls"
