"","bias","note"
"1",0.0384377329565494,"bias.em"
"2",0.0706296046886451,"bias.wls"
