"","bias","note"
"1",0.0964457538285204,"bias.em"
"2",-0.36295124377143,"bias.wls"
