"","bias","note"
"1",-0.352255893975371,"bias.em"
"2",3.15141244827886,"bias.wls"
