"","bias","note"
"1",-0.187937311733407,"bias.em"
"2",-0.164165946803712,"bias.wls"
