"","bias","note"
"1",-0.0637175212011875,"bias.em"
"2",-0.134505432732963,"bias.wls"
