"","bias","note"
"1",0.120957339658237,"bias.em"
"2",0.120735421121184,"bias.wls"
