"","bias","note"
"1",0.515001597264337,"bias.em"
"2",0.610971107652332,"bias.wls"
