"","bias","note"
"1",0.0214638894532752,"bias.em"
"2",-0.0573416838378199,"bias.wls"
