"","bias","note"
"1",-0.147011377121415,"bias.em"
"2",-0.158606685687524,"bias.wls"
