"","bias","note"
"1",0.0165493162117731,"bias.em"
"2",0.0503774548396526,"bias.wls"
