"","bias","note"
"1",-0.00333612978712876,"bias.em"
"2",-0.00332353577861632,"bias.wls"
