"","bias","note"
"1",0.00315186832232634,"bias.em"
"2",0.0823369647959384,"bias.wls"
