"","bias","note"
"1",0.41827606234396,"bias.em"
"2",0.567412811756913,"bias.wls"
