"","bias","note"
"1",0.0993424295726077,"bias.em"
"2",-0.158187869688371,"bias.wls"
