"","bias","note"
"1",0.182712929140919,"bias.em"
"2",0.169373358519216,"bias.wls"
