"","bias","note"
"1",-0.0871408080965735,"bias.em"
"2",-0.0988002759308734,"bias.wls"
