"","bias","note"
"1",-0.145325643951209,"bias.em"
"2",0.316609444329199,"bias.wls"
