"","bias","note"
"1",0.0784369355150489,"bias.em"
"2",0.0574947268260376,"bias.wls"
