"","bias","note"
"1",0.288977748725818,"bias.em"
"2",-0.314024496187287,"bias.wls"
