"","bias","note"
"1",-0.20459686133275,"bias.em"
"2",-3.69234953755184,"bias.wls"
