"","bias","note"
"1",-0.158507076457396,"bias.em"
"2",-0.207655704780065,"bias.wls"
