"","bias","note"
"1",-0.0762335306307858,"bias.em"
"2",-0.0809951218440725,"bias.wls"
