"","bias","note"
"1",0.287508848705502,"bias.em"
"2",0.28383898423192,"bias.wls"
