"","bias","note"
"1",0.0671072865614373,"bias.em"
"2",-0.0829954121452082,"bias.wls"
