"","bias","note"
"1",-0.0713256706419823,"bias.em"
"2",-0.0713254364115008,"bias.wls"
