"","bias","note"
"1",-0.0354665045237613,"bias.em"
"2",-0.778412621062408,"bias.wls"
