"","bias","note"
"1",-0.0668922325387539,"bias.em"
"2",1.16529762482132,"bias.wls"
