"","bias","note"
"1",-0.106160987154233,"bias.em"
"2",-2.06816754835243,"bias.wls"
