"","bias","note"
"1",-0.0832532119458061,"bias.em"
"2",-0.0487896672503654,"bias.wls"
