"","bias","note"
"1",0.0394117976088952,"bias.em"
"2",0.187152277578681,"bias.wls"
