"","bias","note"
"1",0.0455275550195573,"bias.em"
"2",0.0369353334875712,"bias.wls"
