"","bias","note"
"1",-0.0188193572066294,"bias.em"
"2",-0.0258273154605215,"bias.wls"
