"","bias","note"
"1",0.216109184467916,"bias.em"
"2",4.2587603249064,"bias.wls"
