"","bias","note"
"1",0.278621082672487,"bias.em"
"2",0.287125462673711,"bias.wls"
