"","bias","note"
"1",-0.0816633297344534,"bias.em"
"2",-0.101636802323394,"bias.wls"
