"","bias","note"
"1",-0.361246274163571,"bias.em"
"2",-4.01637651625493,"bias.wls"
