"","bias","note"
"1",0.0622310216027041,"bias.em"
"2",0.0622071071854928,"bias.wls"
