"","bias","note"
"1",0.162815292530671,"bias.em"
"2",0.120682193516637,"bias.wls"
