"","bias","note"
"1",0.00487656231527175,"bias.em"
"2",0.376124493025775,"bias.wls"
