"","bias","note"
"1",0.0684525381324243,"bias.em"
"2",-0.390646007830581,"bias.wls"
