"","bias","note"
"1",-0.0756766281728254,"bias.em"
"2",-0.0673054094697416,"bias.wls"
