"","bias","note"
"1",0.19887896063037,"bias.em"
"2",0.234550404854086,"bias.wls"
