"","bias","note"
"1",-0.0292236476136359,"bias.em"
"2",-0.304640765016643,"bias.wls"
