"","bias","note"
"1",0.0194940113826454,"bias.em"
"2",-0.990379362154757,"bias.wls"
