"","bias","note"
"1",-0.0878134525707487,"bias.em"
"2",-0.0390971462968148,"bias.wls"
