"","bias","note"
"1",0.29708503880234,"bias.em"
"2",0.306853567214926,"bias.wls"
