"","bias","note"
"1",-0.459797028696569,"bias.em"
"2",-0.440912644990663,"bias.wls"
