"","bias","note"
"1",0.0953056895407705,"bias.em"
"2",-0.189306064595496,"bias.wls"
