"","bias","note"
"1",0.0212408195059612,"bias.em"
"2",-0.0715910694603625,"bias.wls"
