"","bias","note"
"1",-0.770601801249974,"bias.em"
"2",-4.06469217837189,"bias.wls"
