"","bias","note"
"1",-0.045190331463316,"bias.em"
"2",-0.0514597321987575,"bias.wls"
