"","bias","note"
"1",0.0602945277315527,"bias.em"
"2",0.0829454519775641,"bias.wls"
