"","bias","note"
"1",-0.0202746095772688,"bias.em"
"2",-0.558518703591317,"bias.wls"
