"","bias","note"
"1",0.253665881223116,"bias.em"
"2",0.376644713629097,"bias.wls"
