"","bias","note"
"1",0.0058079332165523,"bias.em"
"2",0.0338128184844885,"bias.wls"
