"","bias","note"
"1",-0.0693585715284379,"bias.em"
"2",-0.38177129465396,"bias.wls"
