"","bias","note"
"1",0.27017378768195,"bias.em"
"2",4.91803733426004,"bias.wls"
