"","bias","note"
"1",-0.0671378176895333,"bias.em"
"2",-0.0202923164604938,"bias.wls"
