"","bias","note"
"1",-0.141472847206126,"bias.em"
"2",-0.136373390495152,"bias.wls"
