"","bias","note"
"1",-0.264202888846089,"bias.em"
"2",-0.313015753214336,"bias.wls"
