"","bias","note"
"1",-0.376206972528174,"bias.em"
"2",-4.36341719298411,"bias.wls"
