"","bias","note"
"1",-0.0415020855989058,"bias.em"
"2",0.637151892211542,"bias.wls"
