"","bias","note"
"1",-0.105592611470299,"bias.em"
"2",-0.16926921365619,"bias.wls"
