"","bias","note"
"1",0.257884961534137,"bias.em"
"2",0.35910767000392,"bias.wls"
