"","bias","note"
"1",0.248041583461227,"bias.em"
"2",0.816840120142538,"bias.wls"
