"","bias","note"
"1",-0.110595256358563,"bias.em"
"2",-0.110571316894257,"bias.wls"
