"","bias","note"
"1",-0.775775409908605,"bias.em"
"2",-5.26593021853779,"bias.wls"
