"","bias","note"
"1",-0.0272355660795707,"bias.em"
"2",-0.265556661281716,"bias.wls"
