"","bias","note"
"1",-0.15462905820232,"bias.em"
"2",-1.60347749747629,"bias.wls"
