"","bias","note"
"1",0.0490863149531973,"bias.em"
"2",0.0491977350877473,"bias.wls"
