"","bias","note"
"1",0.0458923625036006,"bias.em"
"2",0.0457714712611286,"bias.wls"
