"","bias","note"
"1",-0.13328477569031,"bias.em"
"2",-0.120973231239809,"bias.wls"
