"","bias","note"
"1",0.0673226152273509,"bias.em"
"2",-0.892986848654057,"bias.wls"
