"","bias","note"
"1",-0.0062872163613761,"bias.em"
"2",-1.15686310926898,"bias.wls"
