"","bias","note"
"1",-0.0164632760152305,"bias.em"
"2",-0.0164623273726692,"bias.wls"
