"","bias","note"
"1",-0.0646762922189497,"bias.em"
"2",1.89422031754293,"bias.wls"
