"","bias","note"
"1",-0.10902299656155,"bias.em"
"2",-1.06217460625733,"bias.wls"
