"","bias","note"
"1",0.984252867272621,"bias.em"
"2",4.52064784343032,"bias.wls"
