"","bias","note"
"1",0.129807038273842,"bias.em"
"2",0.15299650249512,"bias.wls"
