"","bias","note"
"1",0.00631725624186196,"bias.em"
"2",0.00631972575995583,"bias.wls"
