"","bias","note"
"1",0.0419848867636614,"bias.em"
"2",0.0217614224432397,"bias.wls"
