"","bias","note"
"1",-0.710919629788627,"bias.em"
"2",-0.810778812490577,"bias.wls"
