"","bias","note"
"1",-0.0948853538244315,"bias.em"
"2",-0.23034236687949,"bias.wls"
