"","bias","note"
"1",-0.0772151530853007,"bias.em"
"2",0.0991494812823529,"bias.wls"
