"","bias","note"
"1",0.0111026009505887,"bias.em"
"2",-0.00475146411202036,"bias.wls"
