"","bias","note"
"1",0.159366808821015,"bias.em"
"2",-3.32147005324205,"bias.wls"
