"","bias","note"
"1",-0.106907447072704,"bias.em"
"2",0.350828415079393,"bias.wls"
