"","bias","note"
"1",0.017567957989267,"bias.em"
"2",0.0373385032048776,"bias.wls"
