"","bias","note"
"1",0.146797719729386,"bias.em"
"2",0.146796084998803,"bias.wls"
