"","bias","note"
"1",-0.0553914648875436,"bias.em"
"2",-4.71888826279966,"bias.wls"
