"","bias","note"
"1",0.154305164567703,"bias.em"
"2",0.0780457462850978,"bias.wls"
