"","bias","note"
"1",0.0641449674567185,"bias.em"
"2",1.80192004531415,"bias.wls"
