"","bias","note"
"1",-0.0119478445397492,"bias.em"
"2",-0.0120559786844079,"bias.wls"
