"","bias","note"
"1",-0.0884735825942546,"bias.em"
"2",-0.0884169219593952,"bias.wls"
