"","bias","note"
"1",-0.0388697454152944,"bias.em"
"2",-0.118680084382231,"bias.wls"
