"","bias","note"
"1",1.52055771125704,"bias.em"
"2",1.60207830590761,"bias.wls"
