"","bias","note"
"1",-0.0670511390205637,"bias.em"
"2",-0.306455059805584,"bias.wls"
