"","bias","note"
"1",0.0959276353699597,"bias.em"
"2",0.0869281462762405,"bias.wls"
