"","bias","note"
"1",0.654910832527275,"bias.em"
"2",4.20376393510375,"bias.wls"
