"","bias","note"
"1",0.0206755814838258,"bias.em"
"2",0.00135206927181747,"bias.wls"
