"","bias","note"
"1",-0.0808487404495152,"bias.em"
"2",0.027770922942947,"bias.wls"
