"","bias","note"
"1",0.388676020064594,"bias.em"
"2",-0.0120237360266909,"bias.wls"
