"","bias","note"
"1",0.122672808886596,"bias.em"
"2",0.137274670829322,"bias.wls"
