"","bias","note"
"1",-0.0617814929199867,"bias.em"
"2",-0.136271372361871,"bias.wls"
