"","bias","note"
"1",0.0606886896226367,"bias.em"
"2",0.0607541886621795,"bias.wls"
