"","bias","note"
"1",-0.140010655977462,"bias.em"
"2",0.242012788275728,"bias.wls"
