"","bias","note"
"1",-0.115434108355905,"bias.em"
"2",-0.106904039049071,"bias.wls"
