"","bias","note"
"1",-0.0398044859488524,"bias.em"
"2",-0.159412742221953,"bias.wls"
