"","bias","note"
"1",-0.145435092958255,"bias.em"
"2",-0.168711357255282,"bias.wls"
