"","bias","note"
"1",-0.110542687604681,"bias.em"
"2",-0.0940155350543926,"bias.wls"
