"","bias","note"
"1",0.200722855172655,"bias.em"
"2",0.20075662145937,"bias.wls"
