"","bias","note"
"1",0.0109779704034586,"bias.em"
"2",0.0094050554022949,"bias.wls"
