"","bias","note"
"1",0.341376315359356,"bias.em"
"2",0.383859732400476,"bias.wls"
