"","bias","note"
"1",0.231767353766381,"bias.em"
"2",0.209087689808146,"bias.wls"
