"","bias","note"
"1",-0.0356327038597781,"bias.em"
"2",-0.0356735735203414,"bias.wls"
