"","bias","note"
"1",-0.381890588786593,"bias.em"
"2",-3.33157623199184,"bias.wls"
