"","bias","note"
"1",-0.0734313292425306,"bias.em"
"2",0.0256254804824808,"bias.wls"
