"","bias","note"
"1",0.573213721027527,"bias.em"
"2",4.48751309948765,"bias.wls"
