"","bias","note"
"1",-0.216077460210807,"bias.em"
"2",-0.461110146120686,"bias.wls"
