"","bias","note"
"1",0.121186050792937,"bias.em"
"2",0.107578541088603,"bias.wls"
