"","bias","note"
"1",0.144594194373655,"bias.em"
"2",-0.265808043053334,"bias.wls"
