"","bias","note"
"1",0.238552567218581,"bias.em"
"2",4.2878724724201,"bias.wls"
