"","bias","note"
"1",-0.0926927783749364,"bias.em"
"2",-0.75507983303259,"bias.wls"
