"","bias","note"
"1",0.0100521300250542,"bias.em"
"2",1.12077541168208,"bias.wls"
