"","bias","note"
"1",-0.0103694165420873,"bias.em"
"2",-0.417833289527184,"bias.wls"
