"","bias","note"
"1",0.24082406946415,"bias.em"
"2",0.233092156354495,"bias.wls"
