"","bias","note"
"1",0.0166353026932035,"bias.em"
"2",0.0166173117629604,"bias.wls"
