"","bias","note"
"1",0.0164281018904665,"bias.em"
"2",0.162546723490767,"bias.wls"
