"","bias","note"
"1",-0.0924486675976367,"bias.em"
"2",-0.0924276045872848,"bias.wls"
