"","bias","note"
"1",-0.0565589819430503,"bias.em"
"2",0.0139846223223071,"bias.wls"
