"","bias","note"
"1",0.00973973135150757,"bias.em"
"2",0.0023953244581962,"bias.wls"
