"","bias","note"
"1",0.152078894233087,"bias.em"
"2",2.62969779830852,"bias.wls"
