"","bias","note"
"1",0.0510484611132672,"bias.em"
"2",0.0510695032618873,"bias.wls"
