"","bias","note"
"1",1.24529310253114,"bias.em"
"2",1.35174728694291,"bias.wls"
