"","bias","note"
"1",-0.123072091167024,"bias.em"
"2",-0.123002614645448,"bias.wls"
