"","bias","note"
"1",0.0238745272725947,"bias.em"
"2",0.0731401903986265,"bias.wls"
