"","bias","note"
"1",-0.000239286627860436,"bias.em"
"2",-1.6876473765597,"bias.wls"
