"","bias","note"
"1",0.0790662603528035,"bias.em"
"2",4.63618367402817,"bias.wls"
