"","bias","note"
"1",0.221937112540936,"bias.em"
"2",-1.37342631046718,"bias.wls"
