"","bias","note"
"1",-0.159922558339644,"bias.em"
"2",-0.166149628416113,"bias.wls"
