"","bias","note"
"1",-0.303242743056126,"bias.em"
"2",-4.50215138735752,"bias.wls"
