"","bias","note"
"1",-0.17712282110792,"bias.em"
"2",-0.162827470325376,"bias.wls"
