"","bias","note"
"1",-0.00773224708757427,"bias.em"
"2",0.0936559842897278,"bias.wls"
