"","bias","note"
"1",-0.202486509499896,"bias.em"
"2",-0.185020728331179,"bias.wls"
