"","bias","note"
"1",0.105384543870126,"bias.em"
"2",-0.334803056778469,"bias.wls"
