"","bias","note"
"1",0.0126715631270417,"bias.em"
"2",0.0170867857870508,"bias.wls"
