"","bias","note"
"1",0.00465076526044321,"bias.em"
"2",0.0105870714472484,"bias.wls"
