"","bias","note"
"1",-0.141411744954334,"bias.em"
"2",-1.31197522011092,"bias.wls"
