"","bias","note"
"1",0.152911282731629,"bias.em"
"2",2.76610402946284,"bias.wls"
