"","bias","note"
"1",-0.462696328574364,"bias.em"
"2",-0.497553592600079,"bias.wls"
