"","bias","note"
"1",0.0956389899021487,"bias.em"
"2",0.0775574195708606,"bias.wls"
