"","bias","note"
"1",0.229259490235376,"bias.em"
"2",1.23484858516182,"bias.wls"
