"","bias","note"
"1",-0.0671569749236133,"bias.em"
"2",0.146054614628921,"bias.wls"
