"","bias","note"
"1",-0.148259452693608,"bias.em"
"2",-0.197638228246686,"bias.wls"
