"","bias","note"
"1",-0.336461501502322,"bias.em"
"2",-0.336443213726145,"bias.wls"
