"","bias","note"
"1",-0.0445505460305801,"bias.em"
"2",-3.30710881222153,"bias.wls"
