"","bias","note"
"1",-0.0284012551300573,"bias.em"
"2",-0.0332682127773865,"bias.wls"
