"","bias","note"
"1",-0.0353646842313914,"bias.em"
"2",-0.0337338153696401,"bias.wls"
