"","bias","note"
"1",0.159298876426186,"bias.em"
"2",0.164727284647347,"bias.wls"
