"","bias","note"
"1",0.146887119719942,"bias.em"
"2",0.146850680297657,"bias.wls"
