"","bias","note"
"1",-0.0928878306133849,"bias.em"
"2",-0.100000594564925,"bias.wls"
