"","bias","note"
"1",-0.933391016112138,"bias.em"
"2",-0.998929415827058,"bias.wls"
