"","bias","note"
"1",0.0357711263491471,"bias.em"
"2",0.0571324196743067,"bias.wls"
