"","bias","note"
"1",0.17569088085105,"bias.em"
"2",5.00024674800986,"bias.wls"
