"","bias","note"
"1",0.10726072835867,"bias.em"
"2",0.124366538052654,"bias.wls"
