"","bias","note"
"1",-0.138699017883295,"bias.em"
"2",-0.203656078706139,"bias.wls"
