"","bias","note"
"1",-0.038621068990833,"bias.em"
"2",-0.0572171003998424,"bias.wls"
