"","bias","note"
"1",-0.161690160991708,"bias.em"
"2",1.53150698317109,"bias.wls"
