"","bias","note"
"1",0.0398216908015003,"bias.em"
"2",0.0745520489484417,"bias.wls"
