"","bias","note"
"1",-0.0794745735494157,"bias.em"
"2",0.32106249576601,"bias.wls"
