"","bias","note"
"1",-0.0794953501066076,"bias.em"
"2",3.44608317587478,"bias.wls"
