"","bias","note"
"1",0.0241948175812975,"bias.em"
"2",0.0983623529822548,"bias.wls"
