"","bias","note"
"1",0.0271339325375708,"bias.em"
"2",0.0271331935375353,"bias.wls"
