"","bias","note"
"1",-0.426892810599107,"bias.em"
"2",-1.49450309791087,"bias.wls"
