"","bias","note"
"1",0.0354744196626005,"bias.em"
"2",1.6938507930662,"bias.wls"
