"","bias","note"
"1",-0.00731483075078629,"bias.em"
"2",-1.62900833416552,"bias.wls"
