"","bias","note"
"1",0.316893544489699,"bias.em"
"2",0.247291488991943,"bias.wls"
