"","bias","note"
"1",0.0727671684919619,"bias.em"
"2",0.158741638835827,"bias.wls"
