"","bias","note"
"1",0.0976605061800435,"bias.em"
"2",0.486314873404777,"bias.wls"
