"","bias","note"
"1",-0.0545924338309883,"bias.em"
"2",0.127483055039257,"bias.wls"
