"","bias","note"
"1",-1.87346207309087,"bias.em"
"2",-4.93048696561827,"bias.wls"
