"","bias","note"
"1",-0.112343093257373,"bias.em"
"2",-0.118332631000308,"bias.wls"
