"","bias","note"
"1",0.161285688006873,"bias.em"
"2",0.161261147195199,"bias.wls"
