"","bias","note"
"1",0.0423589608526574,"bias.em"
"2",0.546526988212722,"bias.wls"
