"","bias","note"
"1",0.441771621052971,"bias.em"
"2",-1.62019502444585,"bias.wls"
