"","bias","note"
"1",0.020423776678753,"bias.em"
"2",0.841356374197038,"bias.wls"
