"","bias","note"
"1",0.264996815030207,"bias.em"
"2",0.272117148241371,"bias.wls"
