"","bias","note"
"1",-0.105588177399811,"bias.em"
"2",-0.0930389850123729,"bias.wls"
