"","bias","note"
"1",-0.111445024052721,"bias.em"
"2",-0.150155690741523,"bias.wls"
