"","bias","note"
"1",0.0283300063706492,"bias.em"
"2",-0.0281518082129579,"bias.wls"
