"","bias","note"
"1",0.0860595277208278,"bias.em"
"2",-0.324242742369265,"bias.wls"
