"","bias","note"
"1",0.166655263883445,"bias.em"
"2",0.166634028815322,"bias.wls"
