"","bias","note"
"1",-0.0333830900582672,"bias.em"
"2",-0.310836922187906,"bias.wls"
