"","bias","note"
"1",-0.0183313314823066,"bias.em"
"2",-0.0183941151829513,"bias.wls"
