"","bias","note"
"1",0.0156182975876511,"bias.em"
"2",0.0295054071275418,"bias.wls"
