"","bias","note"
"1",0.191735958656412,"bias.em"
"2",0.904981647151473,"bias.wls"
