"","bias","note"
"1",-0.0873309200670487,"bias.em"
"2",-0.0385813394453349,"bias.wls"
