"","bias","note"
"1",0.67623171467277,"bias.em"
"2",5.18504513241796,"bias.wls"
