"","bias","note"
"1",0.116435555741329,"bias.em"
"2",0.142869841716031,"bias.wls"
