"","bias","note"
"1",1.01240302335186,"bias.em"
"2",1.10550382837158,"bias.wls"
