"","bias","note"
"1",0.121423271582887,"bias.em"
"2",-0.332431665548806,"bias.wls"
