"","bias","note"
"1",-0.00700283578393119,"bias.em"
"2",-0.0786195690561826,"bias.wls"
