"","bias","note"
"1",-0.00954117095859966,"bias.em"
"2",0.000180187043041632,"bias.wls"
