"","bias","note"
"1",-0.425997474217118,"bias.em"
"2",1.65724411266164,"bias.wls"
