"","bias","note"
"1",0.0712105170976045,"bias.em"
"2",0.280165857287657,"bias.wls"
