"","bias","note"
"1",-0.55193178732023,"bias.em"
"2",-5.00977152581575,"bias.wls"
