"","bias","note"
"1",-0.0860969118748686,"bias.em"
"2",0.194364862016044,"bias.wls"
