"","bias","note"
"1",0.0574195101641637,"bias.em"
"2",0.466163449218931,"bias.wls"
