"","bias","note"
"1",-0.293145313934298,"bias.em"
"2",1.53037988355058,"bias.wls"
