"","bias","note"
"1",0.0406027203189914,"bias.em"
"2",0.0405290298467866,"bias.wls"
