"","bias","note"
"1",-0.0318096216047831,"bias.em"
"2",-0.00148837617381558,"bias.wls"
