"","bias","note"
"1",-0.0874943544255611,"bias.em"
"2",0.0769454430064339,"bias.wls"
