"","bias","note"
"1",-0.860560835579571,"bias.em"
"2",-0.966446657639431,"bias.wls"
