"","bias","note"
"1",0.0402316706131591,"bias.em"
"2",0.177544393691063,"bias.wls"
