"","bias","note"
"1",-0.0128701512650276,"bias.em"
"2",-3.30903653355991,"bias.wls"
