"","bias","note"
"1",0.0186488783378377,"bias.em"
"2",0.0189954718965545,"bias.wls"
