"","bias","note"
"1",-0.411558965402284,"bias.em"
"2",-4.72658903403454,"bias.wls"
