"","bias","note"
"1",0.0195776533625404,"bias.em"
"2",-0.930728446882258,"bias.wls"
