"","bias","note"
"1",-0.0191509098417305,"bias.em"
"2",0.635639552570582,"bias.wls"
