"","bias","note"
"1",-0.223527524607834,"bias.em"
"2",-0.281476806446541,"bias.wls"
