"","bias","note"
"1",0.394831737550027,"bias.em"
"2",0.39964624396701,"bias.wls"
