"","bias","note"
"1",0.263366092766771,"bias.em"
"2",0.242477157775785,"bias.wls"
