"","bias","note"
"1",0.0292957272409419,"bias.em"
"2",2.37557989339124,"bias.wls"
