"","bias","note"
"1",0.249924097805679,"bias.em"
"2",4.52218588108798,"bias.wls"
