"","bias","note"
"1",0.171614339019861,"bias.em"
"2",0.168486795421005,"bias.wls"
