"","bias","note"
"1",-0.0488712041511811,"bias.em"
"2",-0.0587716001049877,"bias.wls"
