"","bias","note"
"1",-0.191353105850134,"bias.em"
"2",-0.176477304699353,"bias.wls"
