"","bias","note"
"1",-0.0420810274812738,"bias.em"
"2",-3.42190118494453,"bias.wls"
