"","bias","note"
"1",-0.00893196088903375,"bias.em"
"2",-0.320750604462686,"bias.wls"
