"","bias","note"
"1",-0.890829835013249,"bias.em"
"2",-4.35795160890923,"bias.wls"
