"","bias","note"
"1",-0.313804541979393,"bias.em"
"2",-0.281094529699928,"bias.wls"
