"","bias","note"
"1",-0.241657810547744,"bias.em"
"2",-0.224631347233794,"bias.wls"
