"","bias","note"
"1",0.0740859974675789,"bias.em"
"2",0.125809851822778,"bias.wls"
