"","bias","note"
"1",0.0658670797137492,"bias.em"
"2",-0.164397603554481,"bias.wls"
