"","bias","note"
"1",-0.249770600290929,"bias.em"
"2",5.12405847583699,"bias.wls"
