"","bias","note"
"1",0.497416325180441,"bias.em"
"2",0.909746840301196,"bias.wls"
