"","bias","note"
"1",-0.235442613721535,"bias.em"
"2",1.28730625819644,"bias.wls"
