"","bias","note"
"1",-0.340623185675009,"bias.em"
"2",-0.223762862745193,"bias.wls"
