"","bias","note"
"1",0.0136798631494855,"bias.em"
"2",0.436486078641472,"bias.wls"
