"","bias","note"
"1",-0.00449512622111986,"bias.em"
"2",0.210432679294731,"bias.wls"
