"","bias","note"
"1",0.10288114616809,"bias.em"
"2",0.0710695918533966,"bias.wls"
