"","bias","note"
"1",0.0334516229002697,"bias.em"
"2",0.0288890036211042,"bias.wls"
