"","bias","note"
"1",0.00134309471756751,"bias.em"
"2",0.335748009895156,"bias.wls"
