"","bias","note"
"1",0.0813409526755902,"bias.em"
"2",0.00101946498575075,"bias.wls"
