"","bias","note"
"1",0.135961319253621,"bias.em"
"2",0.195207293048101,"bias.wls"
