"","bias","note"
"1",-0.687129986463131,"bias.em"
"2",-0.722128865674862,"bias.wls"
