"","bias","note"
"1",0.931865305074812,"bias.em"
"2",3.8770438231889,"bias.wls"
