"","bias","note"
"1",-0.0442694122511495,"bias.em"
"2",-0.0513246001443168,"bias.wls"
