"","bias","note"
"1",0.164133376091824,"bias.em"
"2",0.16413367168152,"bias.wls"
