"","bias","note"
"1",0.0468649131303255,"bias.em"
"2",0.0431716291727533,"bias.wls"
