"","bias","note"
"1",0.0904932509822949,"bias.em"
"2",0.168511744259163,"bias.wls"
