"","bias","note"
"1",0.252489015924093,"bias.em"
"2",3.70063343620999,"bias.wls"
