"","bias","note"
"1",-0.125538777305104,"bias.em"
"2",-1.3173185866429,"bias.wls"
