"","bias","note"
"1",-0.419886435383847,"bias.em"
"2",-0.418697727016768,"bias.wls"
