"","bias","note"
"1",-0.047460023249619,"bias.em"
"2",-0.12998608609017,"bias.wls"
