"","bias","note"
"1",-0.0680133718334495,"bias.em"
"2",0.185459361608581,"bias.wls"
