"","bias","note"
"1",-0.0938632205533266,"bias.em"
"2",-0.103962026983194,"bias.wls"
