"","bias","note"
"1",-0.0846708809298422,"bias.em"
"2",-0.0783392002146701,"bias.wls"
