"","bias","note"
"1",0.0345841344837437,"bias.em"
"2",1.10632539046023,"bias.wls"
