"","bias","note"
"1",0.00211972022201825,"bias.em"
"2",-2.50172661851449,"bias.wls"
