"","bias","note"
"1",0.138538858096604,"bias.em"
"2",-0.368487244796063,"bias.wls"
