"","bias","note"
"1",0.0940506785818228,"bias.em"
"2",0.0762465255704066,"bias.wls"
