"","bias","note"
"1",0.102681227911333,"bias.em"
"2",0.104737271311896,"bias.wls"
