"","bias","note"
"1",-0.103685253008779,"bias.em"
"2",0.0872965441311728,"bias.wls"
