"","bias","note"
"1",0.176329073136579,"bias.em"
"2",0.168031598594831,"bias.wls"
