"","bias","note"
"1",0.122872804707709,"bias.em"
"2",-1.19512286519954,"bias.wls"
