"","bias","note"
"1",0.211520277016927,"bias.em"
"2",0.211512010671549,"bias.wls"
