"","bias","note"
"1",-0.0477885797836138,"bias.em"
"2",0.140551486115719,"bias.wls"
