"","bias","note"
"1",-0.0190064202804016,"bias.em"
"2",-0.0118542284011221,"bias.wls"
