"","bias","note"
"1",-0.125997157880015,"bias.em"
"2",-0.13036822049976,"bias.wls"
