"","bias","note"
"1",0.156077971246799,"bias.em"
"2",0.164902276662583,"bias.wls"
