"","bias","note"
"1",-0.606721190054174,"bias.em"
"2",-3.65122189439725,"bias.wls"
