"","bias","note"
"1",0.121828091773029,"bias.em"
"2",0.160647876858543,"bias.wls"
