"","bias","note"
"1",-0.0324975122588636,"bias.em"
"2",-0.0434388702490435,"bias.wls"
