"","bias","note"
"1",0.0716304121522768,"bias.em"
"2",0.0820830408406638,"bias.wls"
