"","bias","note"
"1",0.792332610365434,"bias.em"
"2",4.53573906657229,"bias.wls"
