"","bias","note"
"1",-0.922509402296693,"bias.em"
"2",-1.03452789523855,"bias.wls"
