"","bias","note"
"1",-0.241531995684152,"bias.em"
"2",-0.566739649072024,"bias.wls"
