"","bias","note"
"1",0.0888383166892724,"bias.em"
"2",0.078979930825917,"bias.wls"
