"","bias","note"
"1",0.107710994865786,"bias.em"
"2",0.107709489157505,"bias.wls"
