"","bias","note"
"1",0.136293776916143,"bias.em"
"2",0.443529664947476,"bias.wls"
