"","bias","note"
"1",0.318358029034534,"bias.em"
"2",0.318280366373472,"bias.wls"
