"","bias","note"
"1",0.0625717252882077,"bias.em"
"2",0.044063959835409,"bias.wls"
