"","bias","note"
"1",0.0907494880498873,"bias.em"
"2",0.262650446007168,"bias.wls"
