"","bias","note"
"1",0.0370101517050932,"bias.em"
"2",0.0331877039206289,"bias.wls"
