"","bias","note"
"1",-0.00931298863171157,"bias.em"
"2",0.153849875524875,"bias.wls"
