"","bias","note"
"1",0.0446380103097634,"bias.em"
"2",-0.143390496657214,"bias.wls"
