"","bias","note"
"1",0.0385491596610295,"bias.em"
"2",0.422955694665474,"bias.wls"
