"","bias","note"
"1",-0.0870423647853965,"bias.em"
"2",-0.0634891404038195,"bias.wls"
