"","bias","note"
"1",-0.106373634107529,"bias.em"
"2",-0.103726191509551,"bias.wls"
