"","bias","note"
"1",0.0829995379931733,"bias.em"
"2",0.0829731920769201,"bias.wls"
