"","bias","note"
"1",0.0999388253604003,"bias.em"
"2",0.106124657945012,"bias.wls"
