"","bias","note"
"1",0.0409319618930114,"bias.em"
"2",-0.044877295144216,"bias.wls"
