"","bias","note"
"1",-0.108005717106365,"bias.em"
"2",-0.152333065525619,"bias.wls"
