"","bias","note"
"1",0.207831885885704,"bias.em"
"2",0.279698766484509,"bias.wls"
