"","bias","note"
"1",0.0796489759661789,"bias.em"
"2",0.104604577114943,"bias.wls"
