"","bias","note"
"1",-0.136844218558675,"bias.em"
"2",-0.136795414150301,"bias.wls"
