"","bias","note"
"1",-0.0265795224485763,"bias.em"
"2",-0.0442610125573283,"bias.wls"
