"","bias","note"
"1",-0.0551687473531942,"bias.em"
"2",-0.0144863821360977,"bias.wls"
