"","bias","note"
"1",-0.00978354008374143,"bias.em"
"2",0.00139346684755649,"bias.wls"
