"","bias","note"
"1",0.0407357057313616,"bias.em"
"2",0.0559455773685728,"bias.wls"
