"","bias","note"
"1",-0.18010455810147,"bias.em"
"2",-0.0897665731427473,"bias.wls"
