"","bias","note"
"1",-0.343360341037084,"bias.em"
"2",1.28495752941979,"bias.wls"
