"","bias","note"
"1",-0.0191354461460024,"bias.em"
"2",-0.0192019966546021,"bias.wls"
