"","bias","note"
"1",-0.0156881811835191,"bias.em"
"2",-0.0156822657004296,"bias.wls"
