"","bias","note"
"1",0.00180295896081558,"bias.em"
"2",0.625037917245676,"bias.wls"
