"","bias","note"
"1",0.00649336543428815,"bias.em"
"2",-0.795239293946709,"bias.wls"
