"","bias","note"
"1",0.121155211030947,"bias.em"
"2",0.16972988887734,"bias.wls"
