"","bias","note"
"1",0.266760263343947,"bias.em"
"2",0.281331550347016,"bias.wls"
