"","bias","note"
"1",-0.0559325840570848,"bias.em"
"2",-0.0559212009501323,"bias.wls"
