"","bias","note"
"1",0.277612652736552,"bias.em"
"2",0.302083844617421,"bias.wls"
