"","bias","note"
"1",-0.0248732244806522,"bias.em"
"2",-0.629207948851745,"bias.wls"
