"","bias","note"
"1",0.18184005319717,"bias.em"
"2",0.15684515845154,"bias.wls"
