"","bias","note"
"1",-0.122613669135082,"bias.em"
"2",-0.611376512993028,"bias.wls"
