"","bias","note"
"1",0.0921385750421075,"bias.em"
"2",0.0921177419432987,"bias.wls"
