"","bias","note"
"1",0.0901987214800135,"bias.em"
"2",0.0449430121473674,"bias.wls"
