"","bias","note"
"1",0.299754596783304,"bias.em"
"2",0.505937316189455,"bias.wls"
