"","bias","note"
"1",-0.202562292068154,"bias.em"
"2",-0.196109261856507,"bias.wls"
