"","bias","note"
"1",-0.185641806944839,"bias.em"
"2",-0.197704756607131,"bias.wls"
