"","bias","note"
"1",0.110869873112833,"bias.em"
"2",0.115192554723332,"bias.wls"
