"","bias","note"
"1",0.0458615937687802,"bias.em"
"2",-0.509038678266251,"bias.wls"
