"","bias","note"
"1",0.351410474384822,"bias.em"
"2",4.45131629625473,"bias.wls"
