"","bias","note"
"1",-0.699365354916757,"bias.em"
"2",-0.790055079193068,"bias.wls"
