"","bias","note"
"1",0.12629786400053,"bias.em"
"2",0.131196970912131,"bias.wls"
