"","bias","note"
"1",0.574619229256637,"bias.em"
"2",0.633385778128061,"bias.wls"
