"","bias","note"
"1",0.0642631433759314,"bias.em"
"2",0.0543387512261937,"bias.wls"
