"","bias","note"
"1",0.0323007434699047,"bias.em"
"2",0.109323778648628,"bias.wls"
