"","bias","note"
"1",0.0945988633007926,"bias.em"
"2",0.0887545325647424,"bias.wls"
