"","bias","note"
"1",0.24259073557517,"bias.em"
"2",4.43389343578095,"bias.wls"
