"","bias","note"
"1",0.161074465174782,"bias.em"
"2",0.226818047189931,"bias.wls"
