"","bias","note"
"1",-0.0721007743956635,"bias.em"
"2",-0.0525402677429116,"bias.wls"
