"","bias","note"
"1",-0.0665775064716056,"bias.em"
"2",-0.70900269009014,"bias.wls"
