"","bias","note"
"1",-0.0516803309212751,"bias.em"
"2",0.0171273730607744,"bias.wls"
