"","bias","note"
"1",0.280292221884768,"bias.em"
"2",0.323035410437512,"bias.wls"
