"","bias","note"
"1",0.000406535614813904,"bias.em"
"2",0.0259878032004583,"bias.wls"
