"","bias","note"
"1",0.0316374473684036,"bias.em"
"2",-0.00903350370215722,"bias.wls"
