"","bias","note"
"1",0.080143886719867,"bias.em"
"2",0.0879622612025762,"bias.wls"
