"","bias","note"
"1",0.171586684407486,"bias.em"
"2",-0.656115996510075,"bias.wls"
