"","bias","note"
"1",-0.0275716803971437,"bias.em"
"2",0.418838733862698,"bias.wls"
