"","bias","note"
"1",0.398741950350888,"bias.em"
"2",4.24058344481543,"bias.wls"
