"","bias","note"
"1",-0.217494100557575,"bias.em"
"2",-1.02590991883198,"bias.wls"
