"","bias","note"
"1",-0.0254332017635399,"bias.em"
"2",0.0461006064351779,"bias.wls"
