"","bias","note"
"1",-0.0196360545038562,"bias.em"
"2",-0.0913472015290018,"bias.wls"
