"","bias","note"
"1",-0.244412524784405,"bias.em"
"2",-0.25092827114361,"bias.wls"
