"","bias","note"
"1",-0.276278598275057,"bias.em"
"2",-0.26092615183461,"bias.wls"
