"","bias","note"
"1",-0.53350886091636,"bias.em"
"2",-0.544189557724272,"bias.wls"
