"","bias","note"
"1",0.0627928080141508,"bias.em"
"2",0.207932199542069,"bias.wls"
