"","bias","note"
"1",-0.0785211251337343,"bias.em"
"2",-2.27355641875214,"bias.wls"
