"","bias","note"
"1",-0.0946001588790251,"bias.em"
"2",-0.465661822732374,"bias.wls"
