"","bias","note"
"1",-0.999131208987286,"bias.em"
"2",-3.74426914836484,"bias.wls"
