"","bias","note"
"1",-0.0521367470339719,"bias.em"
"2",-0.081312932620184,"bias.wls"
