"","bias","note"
"1",-0.331369967525117,"bias.em"
"2",-0.539401976099513,"bias.wls"
