"","bias","note"
"1",-0.00547155648415115,"bias.em"
"2",-0.0389577426364131,"bias.wls"
