"","bias","note"
"1",-0.40768593564105,"bias.em"
"2",-1.46621954592013,"bias.wls"
