"","bias","note"
"1",0.0167025866618215,"bias.em"
"2",0.0104872830872635,"bias.wls"
