"","bias","note"
"1",-0.214062852556957,"bias.em"
"2",0.575253145635437,"bias.wls"
