"","bias","note"
"1",0.739568581028075,"bias.em"
"2",0.760529965839297,"bias.wls"
