"","bias","note"
"1",-0.0883865444974231,"bias.em"
"2",0.260218674844683,"bias.wls"
