"","bias","note"
"1",-0.0770151521882295,"bias.em"
"2",0.120386696923119,"bias.wls"
