"","bias","note"
"1",-0.0161812411962748,"bias.em"
"2",-0.0138717287481107,"bias.wls"
