"","bias","note"
"1",-0.365697108606536,"bias.em"
"2",-0.442641693930617,"bias.wls"
