"","bias","note"
"1",0.166357694667446,"bias.em"
"2",0.179776066565578,"bias.wls"
