"","bias","note"
"1",0.158126248442014,"bias.em"
"2",0.988197055323117,"bias.wls"
