"","bias","note"
"1",0.0394940221046298,"bias.em"
"2",0.0394939085901798,"bias.wls"
