"","bias","note"
"1",-0.103215443988714,"bias.em"
"2",0.16351785714886,"bias.wls"
