"","bias","note"
"1",0.199383991337619,"bias.em"
"2",0.253898015240857,"bias.wls"
