"","bias","note"
"1",0.623663033820656,"bias.em"
"2",0.786289464371605,"bias.wls"
