"","bias","note"
"1",-0.176327373852674,"bias.em"
"2",-0.00719252801817522,"bias.wls"
