"","bias","note"
"1",-0.132598918868406,"bias.em"
"2",-0.116767079492887,"bias.wls"
