"","bias","note"
"1",-0.155944151147807,"bias.em"
"2",-0.834592571522829,"bias.wls"
