"","bias","note"
"1",-0.0863153910090207,"bias.em"
"2",-0.100803764529821,"bias.wls"
