"","bias","note"
"1",-1.11632200521945,"bias.em"
"2",-1.13720053605163,"bias.wls"
