"","bias","note"
"1",0.0905999779973428,"bias.em"
"2",-0.176025687723632,"bias.wls"
