"","bias","note"
"1",-0.00499036209205496,"bias.em"
"2",-0.00414522140855155,"bias.wls"
