"","bias","note"
"1",0.00961379792672127,"bias.em"
"2",-0.046289281615566,"bias.wls"
