"","bias","note"
"1",-0.805952465060359,"bias.em"
"2",0.0400909370692876,"bias.wls"
