"","bias","note"
"1",0.187244839718678,"bias.em"
"2",0.240477937541179,"bias.wls"
