"","bias","note"
"1",0.0821105641293029,"bias.em"
"2",-3.05952910640124,"bias.wls"
