"","bias","note"
"1",-0.262887814331437,"bias.em"
"2",-0.23623902802333,"bias.wls"
