"","bias","note"
"1",-0.0627187247462514,"bias.em"
"2",-0.411643773611722,"bias.wls"
