"","bias","note"
"1",0.0225637590972676,"bias.em"
"2",0.027245681146639,"bias.wls"
