"","bias","note"
"1",0.00481187225517135,"bias.em"
"2",0.0047681688293813,"bias.wls"
