"","bias","note"
"1",0.0825444686419591,"bias.em"
"2",-1.00261289409473,"bias.wls"
