"","bias","note"
"1",-0.0763559658322227,"bias.em"
"2",-0.068779844237918,"bias.wls"
