"","bias","note"
"1",0.242608816596431,"bias.em"
"2",0.924207100929289,"bias.wls"
