"","bias","note"
"1",-0.0758183538947016,"bias.em"
"2",-0.169158982417928,"bias.wls"
