"","bias","note"
"1",0.236673739276206,"bias.em"
"2",0.15167676400322,"bias.wls"
