"","bias","note"
"1",-0.0148922693891823,"bias.em"
"2",0.50450673430575,"bias.wls"
