"","bias","note"
"1",0.154449753385252,"bias.em"
"2",0.464042563419464,"bias.wls"
