"","bias","note"
"1",0.823071503521331,"bias.em"
"2",4.89106588069893,"bias.wls"
