"","bias","note"
"1",0.0696135940701707,"bias.em"
"2",0.00455474111920663,"bias.wls"
