"","bias","note"
"1",-0.0567973316599303,"bias.em"
"2",-0.387729047134182,"bias.wls"
