"","bias","note"
"1",-0.199173052802245,"bias.em"
"2",-0.273033979936094,"bias.wls"
