"","bias","note"
"1",0.0135763073606541,"bias.em"
"2",0.227894985720349,"bias.wls"
