"","bias","note"
"1",-0.125793863686536,"bias.em"
"2",0.378209563935826,"bias.wls"
