"","bias","note"
"1",0.044929862796019,"bias.em"
"2",0.0250531823254046,"bias.wls"
