"","bias","note"
"1",0.0147337133406647,"bias.em"
"2",0.0173585338377786,"bias.wls"
