"","bias","note"
"1",-0.0417489515649849,"bias.em"
"2",-0.0417522295605474,"bias.wls"
