"","bias","note"
"1",0.0433369762610068,"bias.em"
"2",0.197076379377022,"bias.wls"
