"","bias","note"
"1",-0.110781432714895,"bias.em"
"2",0.363354210376925,"bias.wls"
