"","bias","note"
"1",0.507393323563762,"bias.em"
"2",-0.105146958763756,"bias.wls"
