"","bias","note"
"1",0.313881588315359,"bias.em"
"2",0.597132811663011,"bias.wls"
