"","bias","note"
"1",-1.05972046987381,"bias.em"
"2",-3.54554422461127,"bias.wls"
