"","bias","note"
"1",0.101599065441774,"bias.em"
"2",0.252248661080839,"bias.wls"
